co_curso,nu_ano_ingresso,no_curso,no_ies,rede,modalidade,grau_academico,no_cine_area_geral,no_cine_rotulo,nu_ano_curso_marco,qt_ingressante,qt_desistencia_marco,taxa_desistencia_marco,taxa_conclusao_marco,nu_ultimo_ano_observado,taxa_desistencia_final,taxa_conclusao_final,is_elegivel_ranking
1,2020,DIREITO,UNIVERSIDADE FEDERAL DE MATO GROSSO,Pública,Presencial,Bacharelado,"Negócios, administração e direito",Direito,4,100,,7.00,2.00,2024,7.00,59.00,true
10,2020,ENGENHARIA FLORESTAL,UNIVERSIDADE FEDERAL DE MATO GROSSO,Pública,Presencial,Bacharelado,"Agricultura, silvicultura, pesca e veterinária",Engenharia florestal,4,75,12,16.00,0.00,2024,16.00,4.00,true
100010,2020,EDUCAÇÃO FÍSICA,FACULDADE ANHANGUERA DE RONDONÓPOLIS,Privada,Presencial,Licenciatura,Educação,Educação física formação de professor,4,15,14,93.33,6.67,2024,93.33,6.67,false
100358,2020,PEDAGOGIA,CENTRO UNIVERSITÁRIO CATHEDRAL,Privada,Presencial,Licenciatura,Educação,Pedagogia,4,39,16,41.03,51.28,2024,48.72,51.28,true
100763,2020,MEDICINA VETERINÁRIA,UNIVERSIDADE FEDERAL DE MATO GROSSO,Pública,Presencial,Bacharelado,"Agricultura, silvicultura, pesca e veterinária",Medicina veterinária,4,61,10,16.39,0.00,2024,19.67,26.23,true
100768,2020,ENGENHARIA FLORESTAL,UNIVERSIDADE FEDERAL DE MATO GROSSO,Pública,Presencial,Bacharelado,"Agricultura, silvicultura, pesca e veterinária",Engenharia florestal,4,45,,17.78,4.44,2024,17.78,6.67,true
100770,2020,ENFERMAGEM,UNIVERSIDADE FEDERAL DE MATO GROSSO,Pública,Presencial,Bacharelado,Saúde e bem-estar,Enfermagem,4,38,,10.53,0.00,2024,15.79,15.79,true
100772,2020,ZOOTECNIA,UNIVERSIDADE FEDERAL DE MATO GROSSO,Pública,Presencial,Bacharelado,"Agricultura, silvicultura, pesca e veterinária",Zootecnia,4,65,,13.85,0.00,2024,13.85,3.08,true
100775,2020,CIêNCIAS NATURAIS E MATEMáTICA - MATEMáTICA,UNIVERSIDADE FEDERAL DE MATO GROSSO,Pública,Presencial,Licenciatura,Educação,Matemática formação de professor,4,21,,19.05,4.76,2024,19.05,4.76,false
100776,2020,CIêNCIAS NATURAIS E MATEMáTICA - QUíMICA,UNIVERSIDADE FEDERAL DE MATO GROSSO,Pública,Presencial,Licenciatura,Educação,Química formação de professor,4,24,,12.50,4.17,2024,16.67,12.50,false
100777,2020,CIêNCIAS NATURAIS E MATEMáTICA - FíSICA,UNIVERSIDADE FEDERAL DE MATO GROSSO,Pública,Presencial,Licenciatura,Educação,Física formação de professor,4,10,0,0.00,10.00,2024,0.00,10.00,false
100778,2020,AGRONOMIA,UNIVERSIDADE FEDERAL DE MATO GROSSO,Pública,Presencial,Bacharelado,"Agricultura, silvicultura, pesca e veterinária",Agronomia,4,70,,5.71,1.43,2024,5.71,18.57,true
100800,2020,ENGENHARIA AGRÍCOLA E AMBIENTAL,Universidade Federal de Rondonópolis,Pública,Presencial,Bacharelado,"Agricultura, silvicultura, pesca e veterinária",Engenharia agrícola,4,63,,12.70,0.00,2024,28.57,6.35,true
100802,2020,ENGENHARIA MECÂNICA,Universidade Federal de Rondonópolis,Pública,Presencial,Bacharelado,"Engenharia, produção e construção",Engenharia mecânica,4,40,,12.50,0.00,2024,22.50,0.00,true
100804,2020,ENFERMAGEM,Universidade Federal de Rondonópolis,Pública,Presencial,Bacharelado,Saúde e bem-estar,Enfermagem,4,21,,23.81,0.00,2024,38.10,47.62,false
100880,2020,PSICOLOGIA,FACULDADE ANHANGUERA DE RONDONÓPOLIS,Privada,Presencial,Bacharelado,"Ciências sociais, comunicação e informação",Psicologia,4,145,105,72.41,2.07,2024,74.48,16.55,true
100888,2020,CIÊNCIAS CONTÁBEIS,INSTITUTO CUIABÁ DE ENSINO E CULTURA,Privada,Presencial,Bacharelado,"Negócios, administração e direito",Contabilidade,4,17,17,100.00,0.00,2024,100.00,0.00,false
100920,2020,ENGENHARIA DE ALIMENTOS,UNIVERSIDADE FEDERAL DE MATO GROSSO,Pública,Presencial,Bacharelado,"Engenharia, produção e construção",Engenharia de alimentos,4,28,,28.57,0.00,2024,39.29,0.00,false
100928,2020,ENFERMAGEM,UNIVERSIDADE FEDERAL DE MATO GROSSO,Pública,Presencial,Bacharelado,Saúde e bem-estar,Enfermagem,4,26,,3.85,0.00,2024,7.69,26.92,false
101054,2020,LETRAS - LíNGUA E LITERATURAS DE LíNGUA INGLESA,Universidade Federal de Rondonópolis,Pública,Presencial,Licenciatura,Educação,Letras inglês formação de professor,4,20,,20.00,5.00,2024,55.00,5.00,false
101098,2020,SERVIÇO SOCIAL,CENTRO UNIVERSITÁRIO DE VÁRZEA GRANDE,Privada,Presencial,Bacharelado,Saúde e bem-estar,Serviço social,4,11,,63.64,27.27,2024,63.64,36.36,false
101119,2020,DIREITO,FACULDADE ANHANGUERA DE SORRISO,Privada,Presencial,Bacharelado,"Negócios, administração e direito",Direito,4,147,113,76.87,10.88,2024,79.59,15.65,true
101184,2020,FÍSICA,UNIVERSIDADE FEDERAL DE MATO GROSSO,Pública,Presencial,Licenciatura,Educação,Física formação de professor,4,17,,5.88,5.88,2024,11.76,5.88,false
101253,2020,ENGENHARIA AMBIENTAL,UNIVERSIDADE DE CUIABÁ,Privada,Presencial,Bacharelado,"Engenharia, produção e construção",Engenharia ambiental,4,22,16,72.73,18.18,2024,72.73,22.73,false
101749,2020,ODONTOLOGIA,FACULDADE ANHANGUERA DE TANGARÁ DA SERRA,Privada,Presencial,Bacharelado,Saúde e bem-estar,Odontologia,4,54,30,55.56,3.70,2024,57.41,29.63,true
101818,2020,GESTÃO DE RECURSOS HUMANOS,FACULDADE ANHANGUERA DE RONDONÓPOLIS,Privada,Presencial,Tecnológico,"Negócios, administração e direito",Gestão de pessoas,4,63,56,88.89,11.11,2024,88.89,11.11,true
102021,2020,ESTÉTICA E COSMÉTICA,CENTRO UNIVERSITÁRIO DE VÁRZEA GRANDE,Privada,Presencial,Tecnológico,Serviços,Estética e cosmética,4,52,33,63.46,28.85,2024,67.31,30.77,true
102638,2020,AGRONEGÓCIO,FACULDADE ANHANGUERA DE RONDONÓPOLIS,Privada,Presencial,Tecnológico,"Negócios, administração e direito",Gestão do agronegócio,4,50,46,92.00,8.00,2024,92.00,8.00,true
104051,2020,ENFERMAGEM,FACULDADE ANHANGUERA DE RONDONÓPOLIS,Privada,Presencial,Bacharelado,Saúde e bem-estar,Enfermagem,4,128,95,74.22,6.25,2024,74.22,20.31,true
104498,2020,SISTEMA DE INFORMAÇÃO,Centro Universitário Estácio do Pantanal,Privada,Presencial,Bacharelado,Computação e Tecnologias da Informação e Comunicação (TIC),Sistemas de informação,4,12,,75.00,16.67,2024,83.33,16.67,false
104530,2020,ADMINISTRAÇÃO,Centro Universitário Estácio do Pantanal,Privada,Presencial,Bacharelado,"Negócios, administração e direito",Administração,4,23,,39.13,17.39,2024,52.17,21.74,false
104684,2020,DIREITO,FACULDADE DE DIREITO DE ALTA FLORESTA,Privada,Presencial,Bacharelado,"Negócios, administração e direito",Direito,4,27,17,62.96,0.00,2024,66.67,29.63,false
1053580,2020,ADMINISTRAÇÃO,FACULDADE DE MATO GROSSO,Privada,Presencial,Bacharelado,"Negócios, administração e direito",Administração,4,21,13,61.90,23.81,2024,61.90,33.33,false
1053581,2020,GESTÃO DE RECURSOS HUMANOS,FACULDADE DE MATO GROSSO,Privada,Presencial,Tecnológico,"Negócios, administração e direito",Gestão de pessoas,4,12,,58.33,41.67,2024,58.33,41.67,false
105575,2020,ENFERMAGEM,Universidade do Estado de Mato Grosso Carlos Alberto Reyes Maldonado - UNEMAT,Pública,Presencial,Bacharelado,Saúde e bem-estar,Enfermagem,4,39,21,53.85,0.00,2024,53.85,7.69,true
105953,2020,CIÊNCIA DA COMPUTAÇÃO,Centro Universitário Invest,Privada,Presencial,Bacharelado,Computação e Tecnologias da Informação e Comunicação (TIC),Ciência da computação,4,11,,54.55,18.18,2024,72.73,18.18,false
106050,2020,QUÍMICA,UNIVERSIDADE FEDERAL DE MATO GROSSO,Pública,Presencial,Licenciatura,Educação,Química formação de professor,4,22,,18.18,0.00,2024,18.18,4.55,false
106052,2020,EDUCAÇÃO FÍSICA,UNIVERSIDADE FEDERAL DE MATO GROSSO,Pública,Presencial,Licenciatura,Educação,Educação física formação de professor,4,39,,10.26,7.69,2024,10.26,12.82,true
1069962,2020,ENFERMAGEM,INSTITUTO CUIABÁ DE ENSINO E CULTURA,Privada,Presencial,Bacharelado,Saúde e bem-estar,Enfermagem,4,57,36,63.16,21.05,2024,63.16,35.09,true
107088,2020,DIREITO,AJES - FACULDADE DO VALE DO JURUENA,Privada,Presencial,Bacharelado,"Negócios, administração e direito",Direito,4,29,14,48.28,0.00,2024,48.28,17.24,false
1072168,2020,ZOOTECNIA,CENTRO UNIVERSITÁRIO DO VALE DO ARAGUAIA,Privada,Presencial,Bacharelado,"Agricultura, silvicultura, pesca e veterinária",Zootecnia,4,51,18,35.29,3.92,2024,37.25,45.10,true
107564,2020,AGRONOMIA,FACULDADE CENTRO MATO-GROSSENSE,Privada,Presencial,Bacharelado,"Agricultura, silvicultura, pesca e veterinária",Agronomia,4,54,27,50.00,12.96,2024,51.85,35.19,true
108441,2020,ENFERMAGEM,Centro Universitário FASIPE,Privada,Presencial,Bacharelado,Saúde e bem-estar,Enfermagem,4,32,13,40.63,0.00,2024,46.88,40.63,true
108443,2020,BIOMEDICINA,Centro Universitário FASIPE,Privada,Presencial,Bacharelado,Saúde e bem-estar,Biomedicina,4,43,16,37.21,51.16,2024,44.19,55.81,true
108694,2020,ENGENHARIA CIVIL,FACULDADE ANHANGUERA DE RONDONÓPOLIS,Privada,Presencial,Bacharelado,"Engenharia, produção e construção",Engenharia civil,4,100,80,80.00,10.00,2024,82.00,15.00,true
108710,2020,ENFERMAGEM,CENTRO UNIVERSITÁRIO DO VALE DO ARAGUAIA,Privada,Presencial,Bacharelado,Saúde e bem-estar,Enfermagem,4,64,25,39.06,1.56,2024,39.06,35.94,true
108756,2020,CIÊNCIAS CONTÁBEIS,INSTITUTO DE ENSINO SUPERIOR DE CUIABÁ,Privada,Presencial,Bacharelado,"Negócios, administração e direito",Contabilidade,4,29,18,62.07,37.93,2024,62.07,37.93,false
109307,2020,CIÊNCIAS CONTÁBEIS,FACULDADE ANHANGUERA DE SORRISO,Privada,Presencial,Bacharelado,"Negócios, administração e direito",Contabilidade,4,89,67,75.28,16.85,2024,76.40,22.47,true
109543,2020,BIOMEDICINA,FACULDADE ANHANGUERA DE CIÊNCIAS SOCIAIS APLICADAS DE SINOP,Privada,Presencial,Bacharelado,Saúde e bem-estar,Biomedicina,4,45,41,91.11,6.67,2024,91.11,8.89,true
1103426,2020,GEOGRAFIA,UNIVERSIDADE FEDERAL DE MATO GROSSO,Pública,Presencial,Licenciatura,Educação,Geografia formação de professor,4,48,,16.67,14.58,2024,16.67,20.83,true
1103701,2020,CIÊNCIAS SOCIAIS,UNIVERSIDADE FEDERAL DE MATO GROSSO,Pública,Presencial,Licenciatura,Educação,Ciências sociais formação de professor,4,25,,16.00,4.00,2024,20.00,8.00,false
1103708,2020,FILOSOFIA,UNIVERSIDADE FEDERAL DE MATO GROSSO,Pública,Presencial,Licenciatura,Educação,Filosofia formação de professor,4,32,,6.25,0.00,2024,9.38,9.38,true
1103709,2020,FILOSOFIA,UNIVERSIDADE FEDERAL DE MATO GROSSO,Pública,Presencial,Bacharelado,Artes e humanidades,Filosofia,4,21,,9.52,4.76,2024,9.52,4.76,false
1103710,2020,HISTÓRIA,UNIVERSIDADE FEDERAL DE MATO GROSSO,Pública,Presencial,Licenciatura,Educação,História formação de professor,4,84,13,15.48,10.71,2024,16.67,15.48,true
1103711,2020,QUÍMICA,UNIVERSIDADE FEDERAL DE MATO GROSSO,Pública,Presencial,Licenciatura,Educação,Química formação de professor,4,48,15,31.25,0.00,2024,35.42,2.08,true
1103712,2020,QUÍMICA,UNIVERSIDADE FEDERAL DE MATO GROSSO,Pública,Presencial,Bacharelado,"Ciências naturais, matemática e estatística",Química,4,47,,19.15,2.13,2024,23.40,6.38,true
1103742,2020,CIÊNCIAS SOCIAIS,UNIVERSIDADE FEDERAL DE MATO GROSSO,Pública,Presencial,Bacharelado,"Ciências sociais, comunicação e informação",Ciências sociais,4,22,,9.09,4.55,2024,9.09,9.09,false
1105676,2020,GESTÃO DA TECNOLOGIA DA INFORMAÇÃO,CENTRO UNIVERSITÁRIO LA SALLE,Privada,Presencial,Tecnológico,Computação e Tecnologias da Informação e Comunicação (TIC),Gestão da tecnologia da informação,4,13,,61.54,38.46,2024,61.54,38.46,false
1105780,2020,PEDAGOGIA,CENTRO UNIVERSITÁRIO LA SALLE,Privada,Presencial,Licenciatura,Educação,Pedagogia,4,15,,53.33,40.00,2024,60.00,40.00,false
1106707,2020,ENGENHARIA CIVIL,UNIVERSIDADE DE CUIABÁ,Privada,Presencial,Bacharelado,"Engenharia, produção e construção",Engenharia civil,4,230,156,67.83,27.83,2024,69.57,29.13,true
1108073,2020,GESTÃO DE RECURSOS HUMANOS,CENTRO UNIVERSITÁRIO UNIC,Privada,Presencial,Tecnológico,"Negócios, administração e direito",Gestão de pessoas,4,65,61,93.85,6.15,2024,93.85,6.15,true
1108215,2020,MARKETING,Faculdade Faipe,Privada,Presencial,Tecnológico,"Negócios, administração e direito",Marketing,4,11,,63.64,36.36,2024,63.64,36.36,false
110842,2020,GESTÃO AMBIENTAL,"INSTITUTO FEDERAL DE EDUCAÇÃO, CIÊNCIA E TECNOLOGIA DE MATO GROSSO",Pública,Presencial,Tecnológico,"Engenharia, produção e construção",Gestão ambiental,4,29,,13.79,0.00,2024,72.41,10.34,false
1108440,2020,PEDAGOGIA,FACULDADE ANHANGUERA DE PRIMAVERA DO LESTE,Privada,Presencial,Licenciatura,Educação,Pedagogia,4,12,11,91.67,8.33,2024,91.67,8.33,false
1111393,2020,SECRETARIADO EXECUTIVO,"INSTITUTO FEDERAL DE EDUCAÇÃO, CIÊNCIA E TECNOLOGIA DE MATO GROSSO",Pública,Presencial,Bacharelado,"Negócios, administração e direito",Secretariado,4,39,,10.26,0.00,2024,28.21,0.00,true
1116939,2020,ENGENHARIA ELÉTRICA,UNIVERSIDADE DE CUIABÁ,Privada,Presencial,Bacharelado,"Engenharia, produção e construção",Engenharia elétrica,4,85,52,61.18,30.59,2024,64.71,32.94,true
1117810,2020,ENGENHARIA DE PRODUÇÃO,FACULDADE ANHANGUERA DE RONDONÓPOLIS,Privada,Presencial,Bacharelado,"Engenharia, produção e construção",Engenharia de produção,4,13,12,92.31,7.69,2024,92.31,7.69,false
111910,2020,FISIOTERAPIA,CENTRO UNIVERSITÁRIO DO VALE DO ARAGUAIA,Privada,Presencial,Bacharelado,Saúde e bem-estar,Fisioterapia,4,40,12,30.00,0.00,2024,32.50,50.00,true
1121415,2020,AGRONOMIA,"INSTITUTO FEDERAL DE EDUCAÇÃO, CIÊNCIA E TECNOLOGIA DE MATO GROSSO",Pública,Presencial,Bacharelado,"Agricultura, silvicultura, pesca e veterinária",Agronomia,4,38,,18.42,0.00,2024,52.63,5.26,true
1122361,2020,TEOLOGIA,FACULDADE CATÓLICA DE MATO GROSSO,Privada,Presencial,Bacharelado,Artes e humanidades,Teologia,4,22,12,54.55,13.64,2024,72.73,13.64,false
1122942,2020,EDUCAÇÃO FÍSICA,CENTRO UNIVERSITÁRIO DE VÁRZEA GRANDE,Privada,Presencial,Bacharelado,Saúde e bem-estar,Educação física,4,67,38,56.72,20.90,2024,68.66,31.34,true
1122943,2020,ENGENHARIA CIVIL,CENTRO UNIVERSITÁRIO DE VÁRZEA GRANDE,Privada,Presencial,Bacharelado,"Engenharia, produção e construção",Engenharia civil,4,60,34,56.67,30.00,2024,56.67,35.00,true
1127343,2020,ADMINISTRAÇÃO,Universidade Federal de Rondonópolis,Pública,Presencial,Bacharelado,"Negócios, administração e direito",Administração,4,55,,10.91,0.00,2024,27.27,12.73,true
112770,2020,ENGENHARIA SANITARIA E AMBIENTAL,UNIVERSIDADE FEDERAL DE MATO GROSSO,Pública,Presencial,Bacharelado,"Engenharia, produção e construção",Engenharia ambiental e sanitária,4,57,,14.04,3.51,2024,14.04,7.02,true
1128077,2020,SISTEMAS DE INFORMAÇÃO,Universidade Federal de Rondonópolis,Pública,Presencial,Bacharelado,Computação e Tecnologias da Informação e Comunicação (TIC),Sistemas de informação,4,54,11,20.37,0.00,2024,33.33,3.70,true
112846,2020,CIÊNCIA DA COMPUTAÇÃO,UNIVERSIDADE FEDERAL DE MATO GROSSO,Pública,Presencial,Bacharelado,Computação e Tecnologias da Informação e Comunicação (TIC),Ciência da computação,4,33,,21.21,0.00,2024,21.21,9.09,true
1128666,2020,EDUCAÇÃO FÍSICA,CENTRO UNIVERSITÁRIO LA SALLE,Privada,Presencial,Licenciatura,Educação,Educação física formação de professor,4,20,14,70.00,15.00,2024,80.00,15.00,false
113118,2020,CIÊNCIAS CONTÁBEIS,FACULDADE DE GUARANTÃ DO NORTE,Privada,Presencial,Bacharelado,"Negócios, administração e direito",Contabilidade,4,30,,23.33,20.00,2024,73.33,20.00,true
1132433,2020,MEDICINA VETERINÁRIA,CENTRO UNIVERSITÁRIO DO VALE DO ARAGUAIA,Privada,Presencial,Bacharelado,"Agricultura, silvicultura, pesca e veterinária",Medicina veterinária,4,68,17,25.00,4.41,2024,25.00,58.82,true
1134353,2020,AGRONOMIA,CENTRO UNIVERSITÁRIO DO VALE DO ARAGUAIA,Privada,Presencial,Bacharelado,"Agricultura, silvicultura, pesca e veterinária",Agronomia,4,47,15,31.91,0.00,2024,31.91,59.57,true
113529,2020,ENGENHARIA DE ALIMENTOS,Universidade do Estado de Mato Grosso Carlos Alberto Reyes Maldonado - UNEMAT,Pública,Presencial,Bacharelado,"Engenharia, produção e construção",Engenharia de alimentos,4,18,12,66.67,0.00,2024,66.67,5.56,false
113555,2020,CIÊNCIAS CONTÁBEIS,Universidade do Estado de Mato Grosso Carlos Alberto Reyes Maldonado - UNEMAT,Pública,Presencial,Bacharelado,"Negócios, administração e direito",Contabilidade,4,35,15,42.86,0.00,2024,42.86,17.14,true
113559,2020,AGRONOMIA,Universidade do Estado de Mato Grosso Carlos Alberto Reyes Maldonado - UNEMAT,Pública,Presencial,Bacharelado,"Agricultura, silvicultura, pesca e veterinária",Agronomia,4,39,19,48.72,0.00,2024,48.72,12.82,true
1135688,2020,ENGENHARIA CIVIL,INSTITUTO DE ENSINO SUPERIOR DE CUIABÁ,Privada,Presencial,Bacharelado,"Engenharia, produção e construção",Engenharia civil,4,72,37,51.39,43.06,2024,54.17,44.44,true
1135690,2020,ENGENHARIA DE CONTROLE E AUTOMAÇÃO,INSTITUTO DE ENSINO SUPERIOR DE CUIABÁ,Privada,Presencial,Bacharelado,"Engenharia, produção e construção",Engenharia de controle e automação,4,12,11,91.67,8.33,2024,91.67,8.33,false
1135691,2020,ENGENHARIA MECÂNICA,INSTITUTO DE ENSINO SUPERIOR DE CUIABÁ,Privada,Presencial,Bacharelado,"Engenharia, produção e construção",Engenharia mecânica,4,23,12,52.17,43.48,2024,52.17,47.83,false
113750,2020,ENGENHARIA DE PRODUÇÃO,UNIVERSIDADE DE CUIABÁ,Privada,Presencial,Bacharelado,"Engenharia, produção e construção",Engenharia de produção,4,25,17,68.00,32.00,2024,68.00,32.00,false
114388,2020,MATEMÁTICA,"INSTITUTO FEDERAL DE EDUCAÇÃO, CIÊNCIA E TECNOLOGIA DE MATO GROSSO",Pública,Presencial,Licenciatura,Educação,Matemática formação de professor,4,17,,11.76,0.00,2024,88.24,5.88,false
115023,2020,ZOOTECNIA,"INSTITUTO FEDERAL DE EDUCAÇÃO, CIÊNCIA E TECNOLOGIA DE MATO GROSSO",Pública,Presencial,Bacharelado,"Agricultura, silvicultura, pesca e veterinária",Zootecnia,4,38,,10.53,0.00,2024,52.63,0.00,true
115058,2020,ESTÉTICA E COSMÉTICA,UNIVERSIDADE DE CUIABÁ,Privada,Presencial,Tecnológico,Serviços,Estética e cosmética,4,125,104,83.20,16.00,2024,84.00,16.00,true
1153376,2020,ENGENHARIA DE PRODUÇÃO,CENTRO UNIVERSITÁRIO DE VÁRZEA GRANDE,Privada,Presencial,Bacharelado,"Engenharia, produção e construção",Engenharia de produção,4,13,11,84.62,0.00,2024,84.62,15.38,false
1154115,2020,CONSTRUÇÃO DE EDIFÍCIOS,"INSTITUTO FEDERAL DE EDUCAÇÃO, CIÊNCIA E TECNOLOGIA DE MATO GROSSO",Pública,Presencial,Tecnológico,"Engenharia, produção e construção",Construção de edifícios,4,29,,27.59,0.00,2024,68.97,0.00,false
1154375,2020,AGRONOMIA,"INSTITUTO FEDERAL DE EDUCAÇÃO, CIÊNCIA E TECNOLOGIA DE MATO GROSSO",Pública,Presencial,Bacharelado,"Agricultura, silvicultura, pesca e veterinária",Agronomia,4,40,,5.00,0.00,2024,67.50,2.50,true
1159064,2020,GESTÃO DA TECNOLOGIA DA INFORMAÇÃO,FACULDADE CATÓLICA RAINHA DA PAZ DE ARAPUTANGA,Privada,Presencial,Tecnológico,Computação e Tecnologias da Informação e Comunicação (TIC),Gestão da tecnologia da informação,4,10,,10.00,70.00,2024,10.00,70.00,false
1159986,2020,FARMÁCIA,Centro Universitário Estácio do Pantanal,Privada,Presencial,Bacharelado,Saúde e bem-estar,Farmácia,4,15,,13.33,6.67,2024,20.00,66.67,false
1160215,2020,ENGENHARIA DE ALIMENTOS,"INSTITUTO FEDERAL DE EDUCAÇÃO, CIÊNCIA E TECNOLOGIA DE MATO GROSSO",Pública,Presencial,Bacharelado,"Engenharia, produção e construção",Engenharia de alimentos,4,40,16,40.00,0.00,2024,75.00,0.00,true
1160216,2020,ENGENHARIA FLORESTAL,"INSTITUTO FEDERAL DE EDUCAÇÃO, CIÊNCIA E TECNOLOGIA DE MATO GROSSO",Pública,Presencial,Bacharelado,"Agricultura, silvicultura, pesca e veterinária",Engenharia florestal,4,36,10,27.78,0.00,2024,75.00,0.00,true
1160424,2020,MATEMÁTICA,"INSTITUTO FEDERAL DE EDUCAÇÃO, CIÊNCIA E TECNOLOGIA DE MATO GROSSO",Pública,Presencial,Licenciatura,Educação,Matemática formação de professor,4,25,,16.00,0.00,2024,96.00,4.00,false
1160425,2020,CIÊNCIAS BIOLÓGICAS,"INSTITUTO FEDERAL DE EDUCAÇÃO, CIÊNCIA E TECNOLOGIA DE MATO GROSSO",Pública,Presencial,Licenciatura,Educação,Biologia formação de professor,4,38,,5.26,0.00,2024,65.79,2.63,true
1160759,2020,CIêNCIAS DA NATUREZA - QUíMICA,"INSTITUTO FEDERAL DE EDUCAÇÃO, CIÊNCIA E TECNOLOGIA DE MATO GROSSO",Pública,Presencial,Licenciatura,Educação,Química formação de professor,4,20,,10.00,0.00,2024,80.00,5.00,false
1161561,2020,CIÊNCIAS CONTÁBEIS,Centro Universitário Estácio do Pantanal,Privada,Presencial,Bacharelado,"Negócios, administração e direito",Contabilidade,4,22,,36.36,31.82,2024,54.55,36.36,false
116428,2020,ENFERMAGEM,FACULDADE ANHANGUERA DE SORRISO,Privada,Presencial,Bacharelado,Saúde e bem-estar,Enfermagem,4,68,53,77.94,4.41,2024,80.88,11.76,true
116550,2020,CIÊNCIA E TECNOLOGIA DE ALIMENTOS,UNIVERSIDADE FEDERAL DE MATO GROSSO,Pública,Presencial,Bacharelado,"Engenharia, produção e construção",Alimentos,4,57,,7.02,0.00,2024,10.53,1.75,true
116560,2020,GEOGRAFIA,UNIVERSIDADE FEDERAL DE MATO GROSSO,Pública,Presencial,Bacharelado,"Ciências sociais, comunicação e informação",Geografia,4,50,,14.00,2.00,2024,24.00,14.00,true
1166445,2020,AGRONEGÓCIO,CENTRO UNIVERSITÁRIO LA SALLE,Privada,Presencial,Tecnológico,"Negócios, administração e direito",Gestão do agronegócio,4,19,11,57.89,26.32,2024,63.16,26.32,false
116648,2020,BIOMEDICINA,UNIVERSIDADE FEDERAL DE MATO GROSSO,Pública,Presencial,Bacharelado,Saúde e bem-estar,Biomedicina,4,23,,8.70,30.43,2024,21.74,47.83,false
116662,2020,AGRONOMIA,UNIVERSIDADE FEDERAL DE MATO GROSSO,Pública,Presencial,Bacharelado,"Agricultura, silvicultura, pesca e veterinária",Agronomia,4,39,,5.13,2.56,2024,5.13,25.64,true
116690,2020,GEOGRAFIA,UNIVERSIDADE FEDERAL DE MATO GROSSO,Pública,Presencial,Licenciatura,Educação,Geografia formação de professor,4,29,,13.79,0.00,2024,17.24,3.45,false
116708,2020,JORNALISMO,UNIVERSIDADE FEDERAL DE MATO GROSSO,Pública,Presencial,Bacharelado,"Ciências sociais, comunicação e informação",Jornalismo,4,22,,18.18,9.09,2024,22.73,9.09,false
116720,2020,FARMÁCIA,UNIVERSIDADE FEDERAL DE MATO GROSSO,Pública,Presencial,Bacharelado,Saúde e bem-estar,Farmácia,4,38,,18.42,5.26,2024,18.42,23.68,true
116736,2020,ENGENHARIA AGRÍCOLA E AMBIENTAL,UNIVERSIDADE FEDERAL DE MATO GROSSO,Pública,Presencial,Bacharelado,"Agricultura, silvicultura, pesca e veterinária",Engenharia agrícola,4,50,,14.00,2.00,2024,14.00,12.00,true
1168436,2020,GEOPROCESSAMENTO,"INSTITUTO FEDERAL DE EDUCAÇÃO, CIÊNCIA E TECNOLOGIA DE MATO GROSSO",Pública,Presencial,Tecnológico,"Ciências naturais, matemática e estatística",Geoprocessamento,4,34,11,32.35,0.00,2024,73.53,5.88,true
1168453,2020,AGRONOMIA,"INSTITUTO FEDERAL DE EDUCAÇÃO, CIÊNCIA E TECNOLOGIA DE MATO GROSSO",Pública,Presencial,Bacharelado,"Agricultura, silvicultura, pesca e veterinária",Agronomia,4,40,12,30.00,0.00,2024,45.00,0.00,true
1168551,2020,EDUCAÇÃO FÍSICA,UNIVERSIDADE FEDERAL DE MATO GROSSO,Pública,Presencial,Bacharelado,Saúde e bem-estar,Educação física,4,42,,16.67,4.76,2024,42.86,14.29,true
117004,2020,PSICOLOGIA,UNIVERSIDADE FEDERAL DE MATO GROSSO,Pública,Presencial,Bacharelado,"Ciências sociais, comunicação e informação",Psicologia,4,89,,10.11,1.12,2024,11.24,30.34,true
1172032,2020,CIÊNCIAS CONTÁBEIS,Faculdade do Norte de Mato Grosso,Privada,Presencial,Bacharelado,"Negócios, administração e direito",Contabilidade,4,13,13,100.00,0.00,2024,100.00,0.00,false
117242,2020,BIOMEDICINA,FACULDADE CATÓLICA DE CUIABÁ,Privada,Presencial,Bacharelado,Saúde e bem-estar,Biomedicina,4,40,20,50.00,35.00,2024,57.50,35.00,true
117488,2020,PSICOLOGIA,Centro Universitário Estácio do Pantanal,Privada,Presencial,Bacharelado,"Ciências sociais, comunicação e informação",Psicologia,4,37,,24.32,0.00,2024,43.24,18.92,true
117604,2020,PSICOLOGIA,FACULDADE CATÓLICA DE CUIABÁ,Privada,Presencial,Bacharelado,"Ciências sociais, comunicação e informação",Psicologia,4,73,31,42.47,13.70,2024,47.95,38.36,true
118002,2020,SISTEMAS DE INFORMAÇÃO,UNIVERSIDADE FEDERAL DE MATO GROSSO,Pública,Presencial,Bacharelado,Computação e Tecnologias da Informação e Comunicação (TIC),Sistemas de informação,4,49,,8.16,4.08,2024,10.20,18.37,true
1182266,2020,PSICOLOGIA,FACULDADE ANHANGUERA DE TANGARÁ DA SERRA,Privada,Presencial,Bacharelado,"Ciências sociais, comunicação e informação",Psicologia,4,69,52,75.36,2.90,2024,78.26,18.84,true
1182767,2020,NUTRIÇÃO,Centro Universitário FASIPE,Privada,Presencial,Bacharelado,Saúde e bem-estar,Nutrição,4,18,,38.89,55.56,2024,44.44,55.56,false
1182802,2020,ODONTOLOGIA,CENTRO UNIVERSITÁRIO DO VALE DO ARAGUAIA,Privada,Presencial,Bacharelado,Saúde e bem-estar,Odontologia,4,65,14,21.54,3.08,2024,23.08,43.08,true
1182999,2020,ESTÉTICA E COSMÉTICA,Centro Universitário FASIPE,Privada,Presencial,Bacharelado,Serviços,Estética e cosmética,4,16,,31.25,50.00,2024,37.50,56.25,false
1183196,2020,ENGENHARIA CIVIL,FACULDADE ANHANGUERA DE PRIMAVERA DO LESTE,Privada,Presencial,Bacharelado,"Engenharia, produção e construção",Engenharia civil,4,44,34,77.27,11.36,2024,77.27,18.18,true
118380,2020,EDUCAÇÃO FÍSICA,UNIVERSIDADE DE CUIABÁ,Privada,Presencial,Bacharelado,Saúde e bem-estar,Educação física,4,120,95,79.17,14.17,2024,82.50,17.50,true
1184754,2020,ODONTOLOGIA,Centro Universitário FASIPE,Privada,Presencial,Bacharelado,Saúde e bem-estar,Odontologia,4,73,18,24.66,1.37,2024,34.25,46.58,true
1185732,2020,GEOGRAFIA,Universidade do Estado de Mato Grosso Carlos Alberto Reyes Maldonado - UNEMAT,Pública,Presencial,Licenciatura,Educação,Geografia formação de professor,4,38,27,71.05,0.00,2024,71.05,2.63,true
1185850,2020,ENGENHARIA CIVIL,FACULDADE METODISTA CONEXIONAL,Privada,Presencial,Bacharelado,"Engenharia, produção e construção",Engenharia civil,4,23,,26.09,4.35,2024,26.09,56.52,false
1185902,2020,ADMINISTRAÇÃO,Universidade do Estado de Mato Grosso Carlos Alberto Reyes Maldonado - UNEMAT,Pública,Presencial,Bacharelado,"Negócios, administração e direito",Administração,4,39,20,51.28,0.00,2024,51.28,25.64,true
1185942,2020,PSICOLOGIA,CENTRO UNIVERSITÁRIO DO VALE DO ARAGUAIA,Privada,Presencial,Bacharelado,"Ciências sociais, comunicação e informação",Psicologia,4,80,25,31.25,0.00,2024,31.25,60.00,true
118659,2020,FARMÁCIA,CENTRO UNIVERSITÁRIO DO VALE DO ARAGUAIA,Privada,Presencial,Bacharelado,Saúde e bem-estar,Farmácia,4,43,14,32.56,23.26,2024,32.56,65.12,true
118762,2020,EDUCAÇÃO FÍSICA,FACULDADE CATÓLICA DE CUIABÁ,Privada,Presencial,Licenciatura,Educação,Educação física formação de professor,4,23,19,82.61,13.04,2024,86.96,13.04,false
118764,2020,ENFERMAGEM,FACULDADE CATÓLICA DE CUIABÁ,Privada,Presencial,Bacharelado,Saúde e bem-estar,Enfermagem,4,59,24,40.68,28.81,2024,47.46,47.46,true
1188463,2020,ENGENHARIA ELÉTRICA,Universidade do Estado de Mato Grosso Carlos Alberto Reyes Maldonado - UNEMAT,Pública,Presencial,Bacharelado,"Engenharia, produção e construção",Engenharia elétrica,4,34,18,52.94,0.00,2024,61.76,11.76,true
1188508,2020,ENGENHARIA DE CONTROLE E AUTOMAÇÃO,"INSTITUTO FEDERAL DE EDUCAÇÃO, CIÊNCIA E TECNOLOGIA DE MATO GROSSO",Pública,Presencial,Bacharelado,"Engenharia, produção e construção",Engenharia de controle e automação,4,36,,22.22,0.00,2024,55.56,0.00,true
1188509,2020,ENGENHARIA DE COMPUTAÇÃO,"INSTITUTO FEDERAL DE EDUCAÇÃO, CIÊNCIA E TECNOLOGIA DE MATO GROSSO",Pública,Presencial,Bacharelado,"Engenharia, produção e construção",Engenharia de computação,4,40,14,35.00,0.00,2024,60.00,2.50,true
118852,2020,ENFERMAGEM,FACULDADE ANHANGUERA DE PRIMAVERA DO LESTE,Privada,Presencial,Bacharelado,Saúde e bem-estar,Enfermagem,4,59,42,71.19,13.56,2024,74.58,22.03,true
1188548,2020,GESTÃO AMBIENTAL,"INSTITUTO FEDERAL DE EDUCAÇÃO, CIÊNCIA E TECNOLOGIA DE MATO GROSSO",Pública,Presencial,Tecnológico,"Engenharia, produção e construção",Gestão ambiental,4,37,,13.51,2.70,2024,75.68,2.70,true
1188549,2020,PRODUÇÃO DE GRÃOS,"INSTITUTO FEDERAL DE EDUCAÇÃO, CIÊNCIA E TECNOLOGIA DE MATO GROSSO",Pública,Presencial,Tecnológico,"Agricultura, silvicultura, pesca e veterinária",Manejo da produção agrícola,4,36,,11.11,0.00,2024,83.33,2.78,true
1188550,2020,ANÁLISE E DESENVOLVIMENTO DE SISTEMAS,"INSTITUTO FEDERAL DE EDUCAÇÃO, CIÊNCIA E TECNOLOGIA DE MATO GROSSO",Pública,Presencial,Tecnológico,Computação e Tecnologias da Informação e Comunicação (TIC),Sistemas de informação,4,38,,18.42,2.63,2024,23.68,2.63,true
1188620,2020,REDES DE COMPUTADORES,"INSTITUTO FEDERAL DE EDUCAÇÃO, CIÊNCIA E TECNOLOGIA DE MATO GROSSO",Pública,Presencial,Tecnológico,Computação e Tecnologias da Informação e Comunicação (TIC),Redes de computadores,4,36,18,50.00,0.00,2024,88.89,0.00,true
1188849,2020,MEDICINA,Universidade do Estado de Mato Grosso Carlos Alberto Reyes Maldonado - UNEMAT,Pública,Presencial,Bacharelado,Saúde e bem-estar,Medicina,4,19,0,0.00,0.00,2024,0.00,0.00,false
118888,2020,ENFERMAGEM,FACULDADE ANHANGUERA DE CIÊNCIAS SOCIAIS APLICADAS DE SINOP,Privada,Presencial,Bacharelado,Saúde e bem-estar,Enfermagem,4,50,38,76.00,6.00,2024,78.00,14.00,true
1188880,2020,CIÊNCIAS BIOLÓGICAS,Universidade Federal de Rondonópolis,Pública,Presencial,Bacharelado,"Ciências naturais, matemática e estatística",Biologia,4,31,,6.45,3.23,2024,12.90,51.61,true
1189695,2020,ENGENHARIA CIVIL,FACULDADE ANHANGUERA DE TANGARÁ DA SERRA,Privada,Presencial,Bacharelado,"Engenharia, produção e construção",Engenharia civil,4,56,41,73.21,3.57,2024,76.79,14.29,true
1189782,2020,ENFERMAGEM,FACULDADE ANHANGUERA DE TANGARÁ DA SERRA,Privada,Presencial,Bacharelado,Saúde e bem-estar,Enfermagem,4,56,44,78.57,8.93,2024,82.14,14.29,true
1189857,2020,ENGENHARIA CIVIL,Universidade do Estado de Mato Grosso Carlos Alberto Reyes Maldonado - UNEMAT,Pública,Presencial,Bacharelado,"Engenharia, produção e construção",Engenharia civil,4,37,14,37.84,8.11,2024,40.54,16.22,true
1190506,2020,AGRONEGÓCIO,FACULDADE DE DIREITO DE ALTA FLORESTA,Privada,Presencial,Tecnológico,"Negócios, administração e direito",Gestão do agronegócio,4,23,14,60.87,39.13,2024,60.87,39.13,false
119062,2020,NUTRIÇÃO,CENTRO UNIVERSITÁRIO DO VALE DO ARAGUAIA,Privada,Presencial,Bacharelado,Saúde e bem-estar,Nutrição,4,19,,36.84,47.37,2024,36.84,63.16,false
1190666,2020,FARMÁCIA,INSTITUTO CUIABÁ DE ENSINO E CULTURA,Privada,Presencial,Bacharelado,Saúde e bem-estar,Farmácia,4,34,17,50.00,29.41,2024,50.00,50.00,true
1191488,2020,ESTÉTICA E COSMÉTICA,CENTRO UNIVERSITÁRIO DO VALE DO ARAGUAIA,Privada,Presencial,Tecnológico,Serviços,Estética e cosmética,4,52,27,51.92,42.31,2024,51.92,46.15,true
1192255,2020,ARQUITETURA E URBANISMO,CENTRO UNIVERSITÁRIO DE VÁRZEA GRANDE,Privada,Presencial,Bacharelado,"Engenharia, produção e construção",Arquitetura e urbanismo,4,52,28,53.85,9.62,2024,61.54,25.00,true
1192256,2020,NUTRIÇÃO,CENTRO UNIVERSITÁRIO DE VÁRZEA GRANDE,Privada,Presencial,Bacharelado,Saúde e bem-estar,Nutrição,4,53,23,43.40,39.62,2024,49.06,49.06,true
1192257,2020,BIOMEDICINA,CENTRO UNIVERSITÁRIO DE VÁRZEA GRANDE,Privada,Presencial,Bacharelado,Saúde e bem-estar,Biomedicina,4,66,27,40.91,39.39,2024,40.91,56.06,true
119816,2020,CIÊNCIAS CONTÁBEIS,Centro Universitário FASIPE,Privada,Presencial,Bacharelado,"Negócios, administração e direito",Contabilidade,4,21,10,47.62,23.81,2024,61.90,28.57,false
1199602,2020,PSICOLOGIA,Faculdade de Educação Superior de Tangará da Serra,Privada,Presencial,Bacharelado,"Ciências sociais, comunicação e informação",Psicologia,4,46,16,34.78,4.35,2024,36.96,54.35,true
12,2020,MEDICINA,UNIVERSIDADE FEDERAL DE MATO GROSSO,Pública,Presencial,Bacharelado,Saúde e bem-estar,Medicina,4,73,,5.48,0.00,2024,5.48,0.00,true
1204127,2020,ADMINISTRAÇÃO,FACULDADE IBG,Privada,Presencial,Bacharelado,"Negócios, administração e direito",Administração,4,22,,31.82,13.64,2024,45.45,31.82,false
1204389,2020,EDUCAÇÃO FÍSICA,FACULDADE DE CIÊNCIAS SOCIAIS APLICADAS DO VALE DO SÃO LOURENÇO,Privada,Presencial,Licenciatura,Educação,Educação física formação de professor,4,24,13,54.17,25.00,2024,54.17,45.83,false
1204474,2020,ENGENHARIA CIVIL,FACULDADE DE DIREITO DE ALTA FLORESTA,Privada,Presencial,Bacharelado,"Engenharia, produção e construção",Engenharia civil,4,21,13,61.90,4.76,2024,66.67,28.57,false
1204533,2020,FISIOTERAPIA,Centro Universitário FASIPE,Privada,Presencial,Bacharelado,Saúde e bem-estar,Fisioterapia,4,75,24,32.00,9.33,2024,37.33,54.67,true
1204534,2020,ARQUITETURA E URBANISMO,Centro Universitário FASIPE,Privada,Presencial,Bacharelado,"Engenharia, produção e construção",Arquitetura e urbanismo,4,41,15,36.59,0.00,2024,46.34,36.59,true
1204536,2020,ANÁLISE E DESENVOLVIMENTO DE SISTEMAS,Centro Universitário FASIPE,Privada,Presencial,Tecnológico,Computação e Tecnologias da Informação e Comunicação (TIC),Sistemas de informação,4,14,11,78.57,14.29,2024,78.57,14.29,false
1204537,2020,ENGENHARIA CIVIL,Centro Universitário FASIPE,Privada,Presencial,Bacharelado,"Engenharia, produção e construção",Engenharia civil,4,38,13,34.21,18.42,2024,47.37,39.47,true
1205603,2020,LETRAS - LIBRAS,UNIVERSIDADE FEDERAL DE MATO GROSSO,Pública,Presencial,Licenciatura,Educação,Letras língua brasileira de sinais formação de professor,4,21,,9.52,19.05,2024,9.52,23.81,false
1205640,2020,ENGENHARIA MECÂNICA,FACULDADE ANHANGUERA DE RONDONÓPOLIS,Privada,Presencial,Bacharelado,"Engenharia, produção e construção",Engenharia mecânica,4,58,49,84.48,5.17,2024,86.21,12.07,true
1205926,2020,AGRONOMIA,FACULDADE DE CIÊNCIAS SOCIAIS APLICADAS DO VALE DO SÃO LOURENÇO,Privada,Presencial,Bacharelado,"Agricultura, silvicultura, pesca e veterinária",Agronomia,4,37,13,35.14,0.00,2024,40.54,32.43,true
1206020,2020,FISIOTERAPIA,AJES - FACULDADE DO VALE DO JURUENA,Privada,Presencial,Bacharelado,Saúde e bem-estar,Fisioterapia,4,15,10,66.67,0.00,2024,73.33,20.00,false
1207123,2020,CIÊNCIAS CONTÁBEIS,Faculdade Fasipe Cuiabá,Privada,Presencial,Bacharelado,"Negócios, administração e direito",Contabilidade,4,16,,50.00,50.00,2024,50.00,50.00,false
1207265,2020,ENFERMAGEM,Faculdade Fasipe Mato Grosso,Privada,Presencial,Bacharelado,Saúde e bem-estar,Enfermagem,4,47,19,40.43,6.38,2024,42.55,38.30,true
1207267,2020,NUTRIÇÃO,Faculdade Fasipe Mato Grosso,Privada,Presencial,Bacharelado,Saúde e bem-estar,Nutrição,4,26,,26.92,50.00,2024,26.92,69.23,false
1207269,2020,ANÁLISE E DESENVOLVIMENTO DE SISTEMAS,Faculdade Fasipe Mato Grosso,Privada,Presencial,Tecnológico,Computação e Tecnologias da Informação e Comunicação (TIC),Sistemas de informação,4,20,15,75.00,5.00,2024,75.00,15.00,false
1207552,2020,FISIOTERAPIA,Faculdade Fasipe Mato Grosso,Privada,Presencial,Bacharelado,Saúde e bem-estar,Fisioterapia,4,39,20,51.28,5.13,2024,56.41,33.33,true
1207554,2020,BIOMEDICINA,Faculdade Fasipe Mato Grosso,Privada,Presencial,Bacharelado,Saúde e bem-estar,Biomedicina,4,45,22,48.89,35.56,2024,55.56,40.00,true
121036,2020,PSICOLOGIA,AJES - FACULDADE DO VALE DO JURUENA,Privada,Presencial,Bacharelado,"Ciências sociais, comunicação e informação",Psicologia,4,11,,54.55,0.00,2024,54.55,27.27,false
121537,2020,FÍSICA,"INSTITUTO FEDERAL DE EDUCAÇÃO, CIÊNCIA E TECNOLOGIA DE MATO GROSSO",Pública,Presencial,Licenciatura,Educação,Física formação de professor,4,25,12,48.00,0.00,2024,88.00,0.00,false
122150,2020,ANÁLISE E DESENVOLVIMENTO DE SISTEMAS,"INSTITUTO FEDERAL DE EDUCAÇÃO, CIÊNCIA E TECNOLOGIA DE MATO GROSSO",Pública,Presencial,Tecnológico,Computação e Tecnologias da Informação e Comunicação (TIC),Sistemas de informação,4,36,,2.78,0.00,2024,75.00,13.89,true
122408,2020,RADIOLOGIA,CENTRO UNIVERSITÁRIO DE VÁRZEA GRANDE,Privada,Presencial,Tecnológico,Saúde e bem-estar,Radiologia,4,14,11,78.57,21.43,2024,78.57,21.43,false
122749,2020,AGRONOMIA,"INSTITUTO FEDERAL DE EDUCAÇÃO, CIÊNCIA E TECNOLOGIA DE MATO GROSSO",Pública,Presencial,Bacharelado,"Agricultura, silvicultura, pesca e veterinária",Agronomia,4,40,,7.50,0.00,2024,55.00,10.00,true
122754,2020,AGROINDÚSTRIA,"INSTITUTO FEDERAL DE EDUCAÇÃO, CIÊNCIA E TECNOLOGIA DE MATO GROSSO",Pública,Presencial,Tecnológico,"Agricultura, silvicultura, pesca e veterinária",Agroindústria,4,31,,3.23,0.00,2024,77.42,0.00,true
123007,2020,ESTATÍSTICA,UNIVERSIDADE FEDERAL DE MATO GROSSO,Pública,Presencial,Bacharelado,"Ciências naturais, matemática e estatística",Estatística,4,54,,12.96,3.70,2024,12.96,12.96,true
123011,2020,SAÚDE COLETIVA,UNIVERSIDADE FEDERAL DE MATO GROSSO,Pública,Presencial,Bacharelado,Saúde e bem-estar,Saúde coletiva,4,77,13,16.88,7.79,2024,16.88,15.58,true
123013,2020,FÍSICA,UNIVERSIDADE FEDERAL DE MATO GROSSO,Pública,Presencial,Bacharelado,"Ciências naturais, matemática e estatística",Física,4,57,14,24.56,3.51,2024,26.32,3.51,true
123052,2020,CIÊNCIAS ECONÔMICAS,Universidade Federal de Rondonópolis,Pública,Presencial,Bacharelado,"Ciências sociais, comunicação e informação",Economia,4,61,,13.11,3.28,2024,34.43,19.67,true
123055,2020,ENGENHARIA CIVIL,UNIVERSIDADE FEDERAL DE MATO GROSSO,Pública,Presencial,Bacharelado,"Engenharia, produção e construção",Engenharia civil,4,47,,12.77,6.38,2024,14.89,25.53,true
123389,2020,PSICOLOGIA,FACULDADE ANHANGUERA DE CIÊNCIAS SOCIAIS APLICADAS DE SINOP,Privada,Presencial,Bacharelado,"Ciências sociais, comunicação e informação",Psicologia,4,48,36,75.00,4.17,2024,75.00,10.42,true
123427,2020,DIREITO,UNIVERSIDADE FEDERAL DE MATO GROSSO,Pública,Presencial,Bacharelado,"Negócios, administração e direito",Direito,4,59,,11.86,8.47,2024,13.56,50.85,true
123620,2020,ZOOTECNIA,UNIVERSIDADE FEDERAL DE MATO GROSSO,Pública,Presencial,Bacharelado,"Agricultura, silvicultura, pesca e veterinária",Zootecnia,4,78,,10.26,0.00,2024,12.82,6.41,true
1257748,2020,FARMÁCIA,Centro Universitário FASIPE,Privada,Presencial,Bacharelado,Saúde e bem-estar,Farmácia,4,21,,38.10,9.52,2024,47.62,42.86,false
1257749,2020,EDUCAÇÃO FÍSICA,Centro Universitário FASIPE,Privada,Presencial,Bacharelado,Saúde e bem-estar,Educação física,4,21,13,61.90,28.57,2024,61.90,28.57,false
1257972,2020,ENGENHARIA CIVIL,Centro Universitário Estácio do Pantanal,Privada,Presencial,Bacharelado,"Engenharia, produção e construção",Engenharia civil,4,25,,20.00,12.00,2024,32.00,48.00,false
1257973,2020,FISIOTERAPIA,Centro Universitário Estácio do Pantanal,Privada,Presencial,Bacharelado,Saúde e bem-estar,Fisioterapia,4,26,13,50.00,0.00,2024,57.69,26.92,false
1259035,2020,SISTEMAS DE INFORMAÇÃO,FACULDADE DE GUARANTÃ DO NORTE,Privada,Presencial,Bacharelado,Computação e Tecnologias da Informação e Comunicação (TIC),Sistemas de informação,4,11,0,0.00,54.55,2024,36.36,63.64,false
1259487,2020,GESTÃO DE RECURSOS HUMANOS,FACULDADE ANHANGUERA DE PRIMAVERA DO LESTE,Privada,Presencial,Tecnológico,"Negócios, administração e direito",Gestão de pessoas,4,25,21,84.00,16.00,2024,84.00,16.00,false
1260665,2020,PEDAGOGIA,FACULDADE CATÓLICA RAINHA DA PAZ DE ARAPUTANGA,Privada,Presencial,Licenciatura,Educação,Pedagogia,4,20,,10.00,50.00,2024,30.00,50.00,false
1261971,2020,MEDICINA,Universidade Federal de Rondonópolis,Pública,Presencial,Bacharelado,Saúde e bem-estar,Medicina,4,47,,14.89,8.51,2024,23.40,8.51,true
1261972,2020,MEDICINA,UNIVERSIDADE FEDERAL DE MATO GROSSO,Pública,Presencial,Bacharelado,Saúde e bem-estar,Medicina,4,61,,13.11,0.00,2024,13.11,0.00,true
1262723,2020,PSICOLOGIA,FACULDADE DO VALE DO RIO ARINOS,Privada,Presencial,Bacharelado,"Ciências sociais, comunicação e informação",Psicologia,4,26,17,65.38,0.00,2024,65.38,30.77,false
1262725,2020,ENFERMAGEM,FACULDADE DO VALE DO RIO ARINOS,Privada,Presencial,Bacharelado,Saúde e bem-estar,Enfermagem,4,22,10,45.45,4.55,2024,45.45,27.27,false
1262726,2020,FISIOTERAPIA,FACULDADE DO VALE DO RIO ARINOS,Privada,Presencial,Bacharelado,Saúde e bem-estar,Fisioterapia,4,13,,30.77,7.69,2024,30.77,7.69,false
1265319,2020,DIREITO,Universidade do Estado de Mato Grosso Carlos Alberto Reyes Maldonado - UNEMAT,Pública,Presencial,Bacharelado,"Negócios, administração e direito",Direito,4,40,12,30.00,0.00,2024,30.00,30.00,true
1265365,2020,DIREITO,Universidade do Estado de Mato Grosso Carlos Alberto Reyes Maldonado - UNEMAT,Pública,Presencial,Bacharelado,"Negócios, administração e direito",Direito,4,38,11,28.95,0.00,2024,31.58,23.68,true
1265414,2020,DIREITO,Universidade do Estado de Mato Grosso Carlos Alberto Reyes Maldonado - UNEMAT,Pública,Presencial,Bacharelado,"Negócios, administração e direito",Direito,4,39,10,25.64,0.00,2024,28.21,35.90,true
1265889,2020,FOTOGRAFIA,UNIVERSIDADE DE CUIABÁ,Privada,Presencial,Tecnológico,Artes e humanidades,Fotografia,4,28,23,82.14,17.86,2024,82.14,17.86,false
1266092,2020,ENGENHARIA MECÂNICA,UNIVERSIDADE DE CUIABÁ,Privada,Presencial,Bacharelado,"Engenharia, produção e construção",Engenharia mecânica,4,62,47,75.81,6.45,2024,80.65,14.52,true
1266093,2020,ENGENHARIA DE COMPUTAÇÃO,UNIVERSIDADE DE CUIABÁ,Privada,Presencial,Bacharelado,"Engenharia, produção e construção",Engenharia de computação,4,45,31,68.89,6.67,2024,75.56,11.11,true
1268136,2020,ENGENHARIA CIVIL,Universidade do Estado de Mato Grosso Carlos Alberto Reyes Maldonado - UNEMAT,Pública,Presencial,Bacharelado,"Engenharia, produção e construção",Engenharia civil,4,37,22,59.46,0.00,2024,59.46,8.11,true
1269969,2020,CIÊNCIA DA COMPUTAÇÃO,Universidade do Estado de Mato Grosso Carlos Alberto Reyes Maldonado - UNEMAT,Pública,Presencial,Bacharelado,Computação e Tecnologias da Informação e Comunicação (TIC),Ciência da computação,4,47,19,40.43,0.00,2024,40.43,2.13,true
1269970,2020,CIÊNCIA DA COMPUTAÇÃO,Universidade do Estado de Mato Grosso Carlos Alberto Reyes Maldonado - UNEMAT,Pública,Presencial,Bacharelado,Computação e Tecnologias da Informação e Comunicação (TIC),Ciência da computação,4,36,15,41.67,0.00,2024,41.67,0.00,true
1270010,2020,ENGENHARIA QUÍMICA,UNIVERSIDADE FEDERAL DE MATO GROSSO,Pública,Presencial,Bacharelado,"Engenharia, produção e construção",Engenharia química,4,39,,23.08,0.00,2024,23.08,0.00,true
1270017,2020,ENGENHARIA DE TRANSPORTES,UNIVERSIDADE FEDERAL DE MATO GROSSO,Pública,Presencial,Bacharelado,"Engenharia, produção e construção",Engenharia de transportes,4,39,,15.38,2.56,2024,20.51,2.56,true
1270037,2020,ENGENHARIA DE MINAS,UNIVERSIDADE FEDERAL DE MATO GROSSO,Pública,Presencial,Bacharelado,"Engenharia, produção e construção",Engenharia de minas,4,39,,15.38,0.00,2024,15.38,5.13,true
1270057,2020,ENGENHARIA DE CONTROLE E AUTOMAÇÃO,UNIVERSIDADE FEDERAL DE MATO GROSSO,Pública,Presencial,Bacharelado,"Engenharia, produção e construção",Engenharia de controle e automação,4,50,10,20.00,0.00,2024,24.00,0.00,true
1270062,2020,ENGENHARIA DE COMPUTAÇÃO,UNIVERSIDADE FEDERAL DE MATO GROSSO,Pública,Presencial,Bacharelado,"Engenharia, produção e construção",Engenharia de computação,4,55,,9.09,0.00,2024,10.91,1.82,true
1279788,2020,ESTÉTICA E COSMÉTICA,FACULDADE ANHANGUERA DE PRIMAVERA DO LESTE,Privada,Presencial,Tecnológico,Serviços,Estética e cosmética,4,58,45,77.59,15.52,2024,82.76,17.24,true
1280059,2020,EDUCAÇÃO FÍSICA,FACULDADE UNIBRAS DO MATO GROSSO,Privada,Presencial,Licenciatura,Educação,Educação física formação de professor,4,18,,22.22,33.33,2024,22.22,33.33,false
1280518,2020,ENGENHARIA DE COMPUTAÇÃO,FACULDADE ANHANGUERA DE RONDONÓPOLIS,Privada,Presencial,Bacharelado,"Engenharia, produção e construção",Engenharia de computação,4,29,22,75.86,0.00,2024,82.76,10.34,false
1280520,2020,ENGENHARIA ELÉTRICA,FACULDADE ANHANGUERA DE RONDONÓPOLIS,Privada,Presencial,Bacharelado,"Engenharia, produção e construção",Engenharia elétrica,4,18,18,100.00,0.00,2024,100.00,0.00,false
1283961,2020,GESTÃO DE RECURSOS HUMANOS,CENTRO UNIVERSITÁRIO CATHEDRAL,Privada,Presencial,Tecnológico,"Negócios, administração e direito",Gestão de pessoas,4,35,19,54.29,42.86,2024,57.14,42.86,true
1283962,2020,GESTÃO PÚBLICA,CENTRO UNIVERSITÁRIO CATHEDRAL,Privada,Presencial,Tecnológico,"Negócios, administração e direito",Gestão pública,4,44,26,59.09,38.64,2024,61.36,38.64,true
1284133,2020,FISIOTERAPIA,FACULDADE ANHANGUERA DE SORRISO,Privada,Presencial,Bacharelado,Saúde e bem-estar,Fisioterapia,4,59,42,71.19,11.86,2024,71.19,27.12,true
1284137,2020,AGRONOMIA,FACULDADE ANHANGUERA DE SORRISO,Privada,Presencial,Bacharelado,"Agricultura, silvicultura, pesca e veterinária",Agronomia,4,111,85,76.58,10.81,2024,80.18,13.51,true
1284292,2020,ENFERMAGEM,FACULDADE DE DIREITO DE ALTA FLORESTA,Privada,Presencial,Bacharelado,Saúde e bem-estar,Enfermagem,4,29,19,65.52,0.00,2024,65.52,31.03,false
1284529,2020,GESTÃO DA PRODUÇÃO INDUSTRIAL,CENTRO UNIVERSITÁRIO LA SALLE,Privada,Presencial,Tecnológico,"Negócios, administração e direito",Gestão da produção,4,14,12,85.71,14.29,2024,85.71,14.29,false
1284570,2020,ENGENHARIA CIVIL,CENTRO UNIVERSITÁRIO CATHEDRAL,Privada,Presencial,Bacharelado,"Engenharia, produção e construção",Engenharia civil,4,34,15,44.12,5.88,2024,55.88,38.24,true
1284622,2020,ANÁLISE E DESENVOLVIMENTO DE SISTEMAS,Centro Universitário Invest,Privada,Presencial,Tecnológico,Computação e Tecnologias da Informação e Comunicação (TIC),Sistemas de informação,4,41,15,36.59,24.39,2024,68.29,29.27,true
1284880,2020,ODONTOLOGIA,Centro Universitário Estácio do Pantanal,Privada,Presencial,Bacharelado,Saúde e bem-estar,Odontologia,4,35,,25.71,8.57,2024,37.14,34.29,true
1284937,2020,ENFERMAGEM,Centro Universitário Estácio do Pantanal,Privada,Presencial,Bacharelado,Saúde e bem-estar,Enfermagem,4,38,13,34.21,7.89,2024,42.11,36.84,true
1285517,2020,CIÊNCIAS BIOLÓGICAS,UNIVERSIDADE FEDERAL DE MATO GROSSO,Pública,Presencial,Bacharelado,"Ciências naturais, matemática e estatística",Biologia,4,34,,5.88,0.00,2024,5.88,17.65,true
1299950,2020,PSICOLOGIA,FACULDADE ANHANGUERA DE SORRISO,Privada,Presencial,Bacharelado,"Ciências sociais, comunicação e informação",Psicologia,4,110,83,75.45,1.82,2024,79.09,18.18,true
1299959,2020,ESTÉTICA E COSMÉTICA,FACULDADE ANHANGUERA DE CIÊNCIAS SOCIAIS APLICADAS DE SINOP,Privada,Presencial,Tecnológico,Serviços,Estética e cosmética,4,26,26,100.00,0.00,2024,100.00,0.00,false
1299960,2020,ENGENHARIA CIVIL,FACULDADE ANHANGUERA DE CIÊNCIAS SOCIAIS APLICADAS DE SINOP,Privada,Presencial,Bacharelado,"Engenharia, produção e construção",Engenharia civil,4,33,25,75.76,18.18,2024,78.79,21.21,true
1299961,2020,ENGENHARIA ELÉTRICA,FACULDADE ANHANGUERA DE CIÊNCIAS SOCIAIS APLICADAS DE SINOP,Privada,Presencial,Bacharelado,"Engenharia, produção e construção",Engenharia elétrica,4,22,18,81.82,4.55,2024,90.91,4.55,false
13,2020,ADMINISTRAÇÃO,UNIVERSIDADE FEDERAL DE MATO GROSSO,Pública,Presencial,Bacharelado,"Negócios, administração e direito",Administração,4,116,15,12.93,25.86,2024,13.79,34.48,true
1300369,2020,BIOMEDICINA,FACULDADE ANHANGUERA DE PRIMAVERA DO LESTE,Privada,Presencial,Bacharelado,Saúde e bem-estar,Biomedicina,4,33,25,75.76,9.09,2024,81.82,15.15,true
1300430,2020,AGRONOMIA,FACULDADE ANHANGUERA DE TANGARÁ DA SERRA,Privada,Presencial,Bacharelado,"Agricultura, silvicultura, pesca e veterinária",Agronomia,4,81,61,75.31,1.23,2024,79.01,13.58,true
1303435,2020,PSICOLOGIA,FACULDADE ANHANGUERA DE PRIMAVERA DO LESTE,Privada,Presencial,Bacharelado,"Ciências sociais, comunicação e informação",Psicologia,4,87,58,66.67,8.05,2024,68.97,21.84,true
1303468,2020,ARQUITETURA E URBANISMO,FACULDADE ANHANGUERA DE RONDONÓPOLIS,Privada,Presencial,Bacharelado,"Engenharia, produção e construção",Arquitetura e urbanismo,4,79,62,78.48,2.53,2024,79.75,17.72,true
1303764,2020,ENGENHARIA ELÉTRICA,FACULDADE ANHANGUERA DE TANGARÁ DA SERRA,Privada,Presencial,Bacharelado,"Engenharia, produção e construção",Engenharia elétrica,4,11,,81.82,18.18,2024,81.82,18.18,false
1304488,2020,GASTRONOMIA,Faculdade FASIPE,Privada,Presencial,Tecnológico,Serviços,Gastronomia,4,16,14,87.50,12.50,2024,87.50,12.50,false
1304558,2020,PSICOLOGIA,FACULDADE CATÓLICA DE MATO GROSSO,Privada,Presencial,Bacharelado,"Ciências sociais, comunicação e informação",Psicologia,4,12,10,83.33,16.67,2024,83.33,16.67,false
1305048,2020,ENFERMAGEM,FACULDADE DE GUARANTÃ DO NORTE,Privada,Presencial,Bacharelado,Saúde e bem-estar,Enfermagem,4,26,,19.23,11.54,2024,34.62,61.54,false
1305050,2020,FARMÁCIA,FACULDADE DE GUARANTÃ DO NORTE,Privada,Presencial,Bacharelado,Saúde e bem-estar,Farmácia,4,27,,7.41,3.70,2024,48.15,51.85,false
1305051,2020,PSICOLOGIA,FACULDADE DE GUARANTÃ DO NORTE,Privada,Presencial,Bacharelado,"Ciências sociais, comunicação e informação",Psicologia,4,32,,18.75,6.25,2024,59.38,34.38,true
1310955,2020,SISTEMAS DE INFORMAÇÃO,Universidade do Estado de Mato Grosso Carlos Alberto Reyes Maldonado - UNEMAT,Pública,Presencial,Bacharelado,Computação e Tecnologias da Informação e Comunicação (TIC),Sistemas de informação,4,37,18,48.65,0.00,2024,51.35,10.81,true
1313190,2020,ENGENHARIA AGRONÔMICA,"INSTITUTO FEDERAL DE EDUCAÇÃO, CIÊNCIA E TECNOLOGIA DE MATO GROSSO",Pública,Presencial,Bacharelado,"Agricultura, silvicultura, pesca e veterinária",Agronomia,4,40,,10.00,0.00,2024,42.50,0.00,true
1313191,2020,TURISMO,"INSTITUTO FEDERAL DE EDUCAÇÃO, CIÊNCIA E TECNOLOGIA DE MATO GROSSO",Pública,Presencial,Bacharelado,Serviços,Turismo,4,41,,21.95,0.00,2024,43.90,4.88,true
1313294,2020,ENGENHARIA DE CONTROLE E AUTOMAÇÃO,"INSTITUTO FEDERAL DE EDUCAÇÃO, CIÊNCIA E TECNOLOGIA DE MATO GROSSO",Pública,Presencial,Bacharelado,"Engenharia, produção e construção",Engenharia de controle e automação,4,37,,8.11,0.00,2024,62.16,0.00,true
1321429,2020,ENGENHARIA ELÉTRICA,CENTRO UNIVERSITÁRIO DE VÁRZEA GRANDE,Privada,Presencial,Bacharelado,"Engenharia, produção e construção",Engenharia elétrica,4,18,10,55.56,5.56,2024,66.67,16.67,false
1321981,2020,ENGENHARIA AGRONÔMICA,FACULDADE UNIBRAS DO MATO GROSSO,Privada,Presencial,Bacharelado,"Agricultura, silvicultura, pesca e veterinária",Agronomia,4,29,,10.34,0.00,2024,13.79,34.48,false
1321982,2020,FISIOTERAPIA,FACULDADE UNIBRAS DO MATO GROSSO,Privada,Presencial,Bacharelado,Saúde e bem-estar,Fisioterapia,4,16,,12.50,6.25,2024,18.75,25.00,false
1322249,2020,ADMINISTRAÇÃO,FACULDADE CENTRO MATO-GROSSENSE,Privada,Presencial,Bacharelado,"Negócios, administração e direito",Administração,4,27,12,44.44,48.15,2024,51.85,48.15,false
1322360,2020,BIOMEDICINA,Centro Universitário Estácio do Pantanal,Privada,Presencial,Bacharelado,Saúde e bem-estar,Biomedicina,4,17,,23.53,41.18,2024,41.18,58.82,false
1322401,2020,EDUCAÇÃO FÍSICA,FACULDADE ANHANGUERA DE RONDONÓPOLIS,Privada,Presencial,Bacharelado,Saúde e bem-estar,Educação física,4,69,61,88.41,5.80,2024,91.30,5.80,true
1322402,2020,FISIOTERAPIA,FACULDADE ANHANGUERA DE RONDONÓPOLIS,Privada,Presencial,Bacharelado,Saúde e bem-estar,Fisioterapia,4,132,100,75.76,0.76,2024,77.27,15.91,true
1322403,2020,ODONTOLOGIA,FACULDADE ANHANGUERA DE RONDONÓPOLIS,Privada,Presencial,Bacharelado,Saúde e bem-estar,Odontologia,4,111,60,54.05,0.00,2024,58.56,36.04,true
1322463,2020,ENGENHARIA AGRONÔMICA,CENTRO UNIVERSITÁRIO LA SALLE,Privada,Presencial,Bacharelado,"Agricultura, silvicultura, pesca e veterinária",Agronomia,4,82,42,51.22,3.66,2024,54.88,28.05,true
1322690,2020,LOGÍSTICA,CENTRO UNIVERSITÁRIO CATHEDRAL,Privada,Presencial,Tecnológico,"Negócios, administração e direito",Logística,4,14,,50.00,50.00,2024,50.00,50.00,false
1327250,2020,PROCESSOS GERENCIAIS,"INSTITUTO FEDERAL DE EDUCAÇÃO, CIÊNCIA E TECNOLOGIA DE MATO GROSSO",Pública,Presencial,Tecnológico,"Negócios, administração e direito",Gestão de negócios,4,38,,10.53,5.26,2024,71.05,7.89,true
1330471,2020,ENGENHARIA MECÂNICA,FACULDADE ANHANGUERA DE CIÊNCIAS SOCIAIS APLICADAS DE SINOP,Privada,Presencial,Bacharelado,"Engenharia, produção e construção",Engenharia mecânica,4,24,12,50.00,12.50,2024,62.50,16.67,false
1330475,2020,FARMÁCIA,FACULDADE ANHANGUERA DE RONDONÓPOLIS,Privada,Presencial,Bacharelado,Saúde e bem-estar,Farmácia,4,94,72,76.60,6.38,2024,77.66,17.02,true
1330485,2020,ENGENHARIA MECÂNICA,FACULDADE ANHANGUERA DE SORRISO,Privada,Presencial,Bacharelado,"Engenharia, produção e construção",Engenharia mecânica,4,26,19,73.08,0.00,2024,80.77,11.54,false
1330486,2020,ENGENHARIA ELÉTRICA,FACULDADE ANHANGUERA DE SORRISO,Privada,Presencial,Bacharelado,"Engenharia, produção e construção",Engenharia elétrica,4,28,19,67.86,7.14,2024,78.57,21.43,false
1330494,2020,ENGENHARIA CIVIL,FACULDADE ANHANGUERA DE SORRISO,Privada,Presencial,Bacharelado,"Engenharia, produção e construção",Engenharia civil,4,41,27,65.85,2.44,2024,68.29,26.83,true
1330496,2020,ENGENHARIA MECÂNICA,FACULDADE ANHANGUERA DE PRIMAVERA DO LESTE,Privada,Presencial,Bacharelado,"Engenharia, produção e construção",Engenharia mecânica,4,15,15,100.00,0.00,2024,100.00,0.00,false
1330620,2020,ENGENHARIA MECÂNICA,FACULDADE ANHANGUERA DE TANGARÁ DA SERRA,Privada,Presencial,Bacharelado,"Engenharia, produção e construção",Engenharia mecânica,4,42,34,80.95,0.00,2024,85.71,14.29,true
1330682,2020,EDUCAÇÃO FÍSICA,FACULDADE ANHANGUERA DE CIÊNCIAS SOCIAIS APLICADAS DE SINOP,Privada,Presencial,Bacharelado,Saúde e bem-estar,Educação física,4,11,11,100.00,0.00,2024,100.00,0.00,false
1330683,2020,EDUCAÇÃO FÍSICA,FACULDADE ANHANGUERA DE SORRISO,Privada,Presencial,Bacharelado,Saúde e bem-estar,Educação física,4,35,28,80.00,5.71,2024,80.00,14.29,true
1330794,2020,EDUCAÇÃO FÍSICA,FACULDADE ANHANGUERA DE TANGARÁ DA SERRA,Privada,Presencial,Bacharelado,Saúde e bem-estar,Educação física,4,26,23,88.46,0.00,2024,96.15,3.85,false
1330831,2020,ODONTOLOGIA,FACULDADE ANHANGUERA DE CIÊNCIAS SOCIAIS APLICADAS DE SINOP,Privada,Presencial,Bacharelado,Saúde e bem-estar,Odontologia,4,46,26,56.52,2.17,2024,60.87,19.57,true
1331390,2020,FISIOTERAPIA,Faculdade do Norte de Mato Grosso,Privada,Presencial,Bacharelado,Saúde e bem-estar,Fisioterapia,4,21,13,61.90,0.00,2024,71.43,19.05,false
1331706,2020,GESTÃO DE RECURSOS HUMANOS,Faculdade Alffa do Brasil,Privada,Presencial,Tecnológico,"Negócios, administração e direito",Gestão de pessoas,4,29,0,0.00,100.00,2024,0.00,100.00,false
1332047,2020,PSICOLOGIA,Faculdade do Norte de Mato Grosso,Privada,Presencial,Bacharelado,"Ciências sociais, comunicação e informação",Psicologia,4,11,,81.82,0.00,2024,100.00,0.00,false
1332350,2020,CIÊNCIAS CONTÁBEIS,FACULDADE UNIBRAS DO MATO GROSSO,Privada,Presencial,Bacharelado,"Negócios, administração e direito",Contabilidade,4,39,,5.13,46.15,2024,7.69,46.15,true
1332677,2020,PEDAGOGIA,FACULDADE CATÓLICA DE MATO GROSSO,Privada,Presencial,Licenciatura,Educação,Pedagogia,4,34,27,79.41,17.65,2024,82.35,17.65,true
1332921,2020,GESTÃO DE COOPERATIVAS,Faculdade de Ensino de Pesquisa do Cooperativismo,Privada,Presencial,Tecnológico,"Negócios, administração e direito",Gestão de cooperativas,4,30,10,33.33,63.33,2024,33.33,63.33,true
1341062,2020,GASTRONOMIA,CENTRO UNIVERSITÁRIO DE VÁRZEA GRANDE,Privada,Presencial,Tecnológico,Serviços,Gastronomia,4,25,13,52.00,48.00,2024,52.00,48.00,false
1342324,2020,CIÊNCIAS DA NATUREZA,"INSTITUTO FEDERAL DE EDUCAÇÃO, CIÊNCIA E TECNOLOGIA DE MATO GROSSO",Pública,Presencial,Licenciatura,Educação,Ciências naturais formação de professor,4,25,11,44.00,0.00,2024,72.00,4.00,false
1342445,2020,ADMINISTRAÇÃO,"INSTITUTO FEDERAL DE EDUCAÇÃO, CIÊNCIA E TECNOLOGIA DE MATO GROSSO",Pública,Presencial,Bacharelado,"Negócios, administração e direito",Administração,4,42,,21.43,0.00,2024,54.76,2.38,true
1342447,2020,ZOOTECNIA,"INSTITUTO FEDERAL DE EDUCAÇÃO, CIÊNCIA E TECNOLOGIA DE MATO GROSSO",Pública,Presencial,Bacharelado,"Agricultura, silvicultura, pesca e veterinária",Zootecnia,4,34,10,29.41,0.00,2024,41.18,2.94,true
1342448,2020,GESTÃO PÚBLICA,"INSTITUTO FEDERAL DE EDUCAÇÃO, CIÊNCIA E TECNOLOGIA DE MATO GROSSO",Pública,Presencial,Tecnológico,"Negócios, administração e direito",Gestão pública,4,73,14,19.18,6.85,2024,75.34,12.33,true
1342497,2020,BIOLOGIA,"INSTITUTO FEDERAL DE EDUCAÇÃO, CIÊNCIA E TECNOLOGIA DE MATO GROSSO",Pública,Presencial,Licenciatura,Educação,Biologia formação de professor,4,20,,10.00,0.00,2024,60.00,20.00,false
1342504,2020,FÍSICA,"INSTITUTO FEDERAL DE EDUCAÇÃO, CIÊNCIA E TECNOLOGIA DE MATO GROSSO",Pública,Presencial,Licenciatura,Educação,Física formação de professor,4,23,,17.39,4.35,2024,69.57,4.35,false
1342611,2020,ADMINISTRAÇÃO,"INSTITUTO FEDERAL DE EDUCAÇÃO, CIÊNCIA E TECNOLOGIA DE MATO GROSSO",Pública,Presencial,Bacharelado,"Negócios, administração e direito",Administração,4,41,13,31.71,0.00,2024,65.85,0.00,true
1342612,2020,ANÁLISE E DESENVOLVIMENTO DE SISTEMAS,"INSTITUTO FEDERAL DE EDUCAÇÃO, CIÊNCIA E TECNOLOGIA DE MATO GROSSO",Pública,Presencial,Tecnológico,Computação e Tecnologias da Informação e Comunicação (TIC),Sistemas de informação,4,46,0,0.00,0.00,2024,80.43,0.00,true
1349525,2020,NUTRIÇÃO,Centro Universitário Estácio do Pantanal,Privada,Presencial,Bacharelado,Saúde e bem-estar,Nutrição,4,33,14,42.42,18.18,2024,60.61,36.36,true
1350251,2020,ENFERMAGEM,FACULDADE DE CIÊNCIAS SOCIAIS APLICADAS DO VALE DO SÃO LOURENÇO,Privada,Presencial,Bacharelado,Saúde e bem-estar,Enfermagem,4,19,,42.11,0.00,2024,42.11,47.37,false
1350334,2020,PSICOLOGIA,FACULDADE DE CIÊNCIAS SOCIAIS APLICADAS DO VALE DO SÃO LOURENÇO,Privada,Presencial,Bacharelado,"Ciências sociais, comunicação e informação",Psicologia,4,31,,25.81,0.00,2024,29.03,54.84,true
1350832,2020,EDUCAÇÃO FÍSICA,Faculdade Faipe,Privada,Presencial,Bacharelado,Saúde e bem-estar,Educação física,4,29,24,82.76,6.90,2024,82.76,6.90,false
1351681,2020,CIÊNCIAS CONTÁBEIS,Faculdade Católica de Várzea Grande,Privada,Presencial,Bacharelado,"Negócios, administração e direito",Contabilidade,4,22,,40.91,54.55,2024,45.45,54.55,false
1352816,2020,SERVIÇO SOCIAL,FACULDADE METODISTA CONEXIONAL,Privada,Presencial,Bacharelado,Saúde e bem-estar,Serviço social,4,11,0,0.00,100.00,2024,0.00,100.00,false
1353460,2020,ODONTOLOGIA,Faculdade Fasipe Mato Grosso,Privada,Presencial,Bacharelado,Saúde e bem-estar,Odontologia,4,28,12,42.86,0.00,2024,46.43,39.29,false
1354638,2020,PEDAGOGIA,FACULDADE UNIVEST DE EDUCAÇÃO,Privada,Presencial,Licenciatura,Educação,Pedagogia,4,16,,12.50,56.25,2024,25.00,56.25,false
1364187,2020,ARQUITETURA E URBANISMO,FACULDADE ANHANGUERA DE SORRISO,Privada,Presencial,Bacharelado,"Engenharia, produção e construção",Arquitetura e urbanismo,4,37,24,64.86,2.70,2024,70.27,16.22,true
1364369,2020,NUTRIÇÃO,FACULDADE ANHANGUERA DE PRIMAVERA DO LESTE,Privada,Presencial,Bacharelado,Saúde e bem-estar,Nutrição,4,23,15,65.22,21.74,2024,69.57,21.74,false
1364370,2020,BIOMEDICINA,FACULDADE ANHANGUERA DE TANGARÁ DA SERRA,Privada,Presencial,Bacharelado,Saúde e bem-estar,Biomedicina,4,65,41,63.08,24.62,2024,69.23,26.15,true
1364739,2020,ODONTOLOGIA,Faculdade do Norte de Mato Grosso,Privada,Presencial,Bacharelado,Saúde e bem-estar,Odontologia,4,23,,39.13,4.35,2024,52.17,26.09,false
1365187,2020,BIOMEDICINA,UNIVERSIDADE DE CUIABÁ,Privada,Presencial,Bacharelado,Saúde e bem-estar,Biomedicina,4,109,90,82.57,14.68,2024,83.49,15.60,true
1366581,2020,PSICOLOGIA,CENTRO UNIVERSITÁRIO DE VÁRZEA GRANDE,Privada,Presencial,Bacharelado,"Ciências sociais, comunicação e informação",Psicologia,4,33,16,48.48,0.00,2024,51.52,27.27,true
1368246,2020,GESTÃO PÚBLICA,"INSTITUTO FEDERAL DE EDUCAÇÃO, CIÊNCIA E TECNOLOGIA DE MATO GROSSO",Pública,Presencial,Tecnológico,"Negócios, administração e direito",Gestão pública,4,40,10,25.00,0.00,2024,27.50,5.00,true
1368260,2020,QUÍMICA,"INSTITUTO FEDERAL DE EDUCAÇÃO, CIÊNCIA E TECNOLOGIA DE MATO GROSSO",Pública,Presencial,Licenciatura,Educação,Química formação de professor,4,40,,5.00,0.00,2024,47.50,0.00,true
1377531,2020,ELETROTÉCNICA INDUSTRIAL,"INSTITUTO FEDERAL DE EDUCAÇÃO, CIÊNCIA E TECNOLOGIA DE MATO GROSSO",Pública,Presencial,Tecnológico,"Engenharia, produção e construção",Eletrotécnica industrial,4,34,16,47.06,0.00,2024,88.24,0.00,true
1383033,2020,DIREITO,Faculdade Fasipe Cuiabá,Privada,Presencial,Bacharelado,"Negócios, administração e direito",Direito,4,237,117,49.37,12.24,2024,54.01,37.55,true
1383058,2020,DIREITO,Faculdade do Norte de Mato Grosso,Privada,Presencial,Bacharelado,"Negócios, administração e direito",Direito,4,12,,66.67,0.00,2024,75.00,16.67,false
1385205,2020,DIREITO,FACULDADE DE GUARANTÃ DO NORTE,Privada,Presencial,Bacharelado,"Negócios, administração e direito",Direito,4,75,14,18.67,2.67,2024,40.00,44.00,true
1385206,2020,ODONTOLOGIA,FACULDADE DE GUARANTÃ DO NORTE,Privada,Presencial,Bacharelado,Saúde e bem-estar,Odontologia,4,35,,5.71,2.86,2024,40.00,60.00,true
1385207,2020,FISIOTERAPIA,FACULDADE DE GUARANTÃ DO NORTE,Privada,Presencial,Bacharelado,Saúde e bem-estar,Fisioterapia,4,34,,8.82,0.00,2024,35.29,61.76,true
1385289,2020,DIREITO,FACULDADE CENTRO MATO-GROSSENSE,Privada,Presencial,Bacharelado,"Negócios, administração e direito",Direito,4,34,17,50.00,0.00,2024,50.00,41.18,true
1385730,2020,DIREITO,FACULDADE DE CIÊNCIAS SOCIAIS APLICADAS DO VALE DO SÃO LOURENÇO,Privada,Presencial,Bacharelado,"Negócios, administração e direito",Direito,4,73,28,38.36,0.00,2024,39.73,52.05,true
1386004,2020,DIREITO,Centro Universitário Estácio do Pantanal,Privada,Presencial,Bacharelado,"Negócios, administração e direito",Direito,4,118,27,22.88,2.54,2024,33.05,17.80,true
1386427,2020,ENGENHARIA AGRONÔMICA,Faculdade de Matupá,Privada,Presencial,Bacharelado,"Agricultura, silvicultura, pesca e veterinária",Agronomia,4,15,,13.33,0.00,2024,60.00,26.67,false
1386430,2020,DIREITO,Faculdade de Matupá,Privada,Presencial,Bacharelado,"Negócios, administração e direito",Direito,4,14,,14.29,0.00,2024,71.43,14.29,false
1386526,2020,GESTÃO PÚBLICA,Centro Universitário Invest,Privada,Presencial,Tecnológico,"Negócios, administração e direito",Gestão pública,4,31,13,41.94,41.94,2024,58.06,41.94,true
1386527,2020,DIREITO,Centro Universitário Invest,Privada,Presencial,Bacharelado,"Negócios, administração e direito",Direito,4,169,36,21.30,8.28,2024,58.58,23.67,true
1386600,2020,PSICOLOGIA,Centro Universitário Invest,Privada,Presencial,Bacharelado,"Ciências sociais, comunicação e informação",Psicologia,4,36,,22.22,0.00,2024,55.56,13.89,true
1387135,2020,DIREITO,FACULDADE UNIBRAS DO MATO GROSSO,Privada,Presencial,Bacharelado,"Negócios, administração e direito",Direito,4,31,11,35.48,0.00,2024,38.71,16.13,true
1387311,2020,DIREITO,Faculdade Faipe,Privada,Presencial,Bacharelado,"Negócios, administração e direito",Direito,4,91,18,19.78,15.38,2024,19.78,23.08,true
1389852,2020,GESTÃO DO AGRONEGÓCIO,FACULDADE CATÓLICA RAINHA DA PAZ DE ARAPUTANGA,Privada,Presencial,Tecnológico,"Negócios, administração e direito",Gestão do agronegócio,4,23,,13.04,30.43,2024,13.04,34.78,false
1396145,2020,DIREITO,CENTRO UNIVERSITÁRIO DO VALE DO ARAGUAIA,Privada,Presencial,Bacharelado,"Negócios, administração e direito",Direito,4,96,46,47.92,1.04,2024,47.92,41.67,true
1399733,2020,CIÊNCIAS DA NATUREZA - BIOLOGIA,"INSTITUTO FEDERAL DE EDUCAÇÃO, CIÊNCIA E TECNOLOGIA DE MATO GROSSO",Pública,Presencial,Licenciatura,Educação,Biologia formação de professor,4,13,0,0.00,0.00,2024,38.46,15.38,false
1399735,2020,ZOOTECNIA,"INSTITUTO FEDERAL DE EDUCAÇÃO, CIÊNCIA E TECNOLOGIA DE MATO GROSSO",Pública,Presencial,Bacharelado,"Agricultura, silvicultura, pesca e veterinária",Zootecnia,4,11,,9.09,0.00,2024,9.09,18.18,false
1399736,2020,AGROINDÚSTRIA,"INSTITUTO FEDERAL DE EDUCAÇÃO, CIÊNCIA E TECNOLOGIA DE MATO GROSSO",Pública,Presencial,Tecnológico,"Agricultura, silvicultura, pesca e veterinária",Agroindústria,4,15,,6.67,20.00,2024,66.67,20.00,false
1399738,2020,CIÊNCIAS BIOLÓGICAS,"INSTITUTO FEDERAL DE EDUCAÇÃO, CIÊNCIA E TECNOLOGIA DE MATO GROSSO",Pública,Presencial,Licenciatura,Educação,Biologia formação de professor,4,42,,7.14,0.00,2024,71.43,14.29,true
1403526,2020,SISTEMAS DE INFORMAÇÃO,CENTRO UNIVERSITÁRIO UNIC,Privada,Presencial,Bacharelado,Computação e Tecnologias da Informação e Comunicação (TIC),Sistemas de informação,4,33,20,60.61,30.30,2024,63.64,36.36,true
1404129,2020,CIÊNCIAS AERONÁUTICAS,UNIVERSIDADE DE CUIABÁ,Privada,Presencial,Bacharelado,Serviços,Ciências aeronáuticas,4,88,68,77.27,13.64,2024,80.68,17.05,true
1404315,2020,ODONTOLOGIA,Faculdade Faipe,Privada,Presencial,Bacharelado,Saúde e bem-estar,Odontologia,4,58,18,31.03,10.34,2024,31.03,50.00,true
1404462,2020,ESTÉTICA E COSMÉTICA,FACULDADE AJES,Privada,Presencial,Tecnológico,Serviços,Estética e cosmética,4,14,,57.14,21.43,2024,78.57,21.43,false
1404464,2020,BIOMEDICINA,Faculdade do Norte de Mato Grosso,Privada,Presencial,Bacharelado,Saúde e bem-estar,Biomedicina,4,11,,36.36,27.27,2024,63.64,36.36,false
1404465,2020,PSICOLOGIA,FACULDADE ÁGORA - FAG,Privada,Presencial,Bacharelado,"Ciências sociais, comunicação e informação",Psicologia,4,37,18,48.65,0.00,2024,54.05,18.92,true
1404466,2020,ENFERMAGEM,FACULDADE ÁGORA - FAG,Privada,Presencial,Bacharelado,Saúde e bem-estar,Enfermagem,4,31,,22.58,0.00,2024,29.03,51.61,true
1404730,2020,NUTRIÇÃO,FACULDADE ANHANGUERA DE SORRISO,Privada,Presencial,Bacharelado,Saúde e bem-estar,Nutrição,4,51,36,70.59,15.69,2024,76.47,23.53,true
1404731,2020,BIOMEDICINA,FACULDADE ANHANGUERA DE SORRISO,Privada,Presencial,Bacharelado,Saúde e bem-estar,Biomedicina,4,54,36,66.67,16.67,2024,70.37,27.78,true
1404781,2020,NUTRIÇÃO,FACULDADE ANHANGUERA DE RONDONÓPOLIS,Privada,Presencial,Bacharelado,Saúde e bem-estar,Nutrição,4,117,94,80.34,14.53,2024,82.91,16.24,true
1404843,2020,ENGENHARIA CIVIL,FACULDADE DE GUARANTÃ DO NORTE,Privada,Presencial,Bacharelado,"Engenharia, produção e construção",Engenharia civil,4,22,,18.18,0.00,2024,54.55,36.36,false
1404937,2020,NUTRIÇÃO,FACULDADE ANHANGUERA DE TANGARÁ DA SERRA,Privada,Presencial,Bacharelado,Saúde e bem-estar,Nutrição,4,31,21,67.74,29.03,2024,67.74,29.03,true
1405488,2020,ARQUITETURA E URBANISMO,FACULDADE DE DIREITO DE ALTA FLORESTA,Privada,Presencial,Bacharelado,"Engenharia, produção e construção",Arquitetura e urbanismo,4,15,,60.00,0.00,2024,60.00,40.00,false
1405507,2020,ARQUITETURA E URBANISMO,CENTRO UNIVERSITÁRIO LA SALLE,Privada,Presencial,Bacharelado,"Engenharia, produção e construção",Arquitetura e urbanismo,4,39,22,56.41,0.00,2024,58.97,20.51,true
1405555,2020,DESIGN DE INTERIORES,CENTRO UNIVERSITÁRIO CATHEDRAL,Privada,Presencial,Tecnológico,Artes e humanidades,Design de interiores,4,36,24,66.67,33.33,2024,66.67,33.33,true
1405567,2020,GESTÃO COMERCIAL,CENTRO UNIVERSITÁRIO CATHEDRAL,Privada,Presencial,Tecnológico,"Negócios, administração e direito",Gestão comercial,4,11,,81.82,18.18,2024,81.82,18.18,false
1405610,2020,PSICOLOGIA,Faculdade Fasipe Cuiabá,Privada,Presencial,Bacharelado,"Ciências sociais, comunicação e informação",Psicologia,4,34,17,50.00,0.00,2024,52.94,38.24,true
1405628,2020,ENGENHARIA CIVIL,CENTRO UNIVERSITÁRIO LA SALLE,Privada,Presencial,Bacharelado,"Engenharia, produção e construção",Engenharia civil,4,20,15,75.00,5.00,2024,75.00,5.00,false
1406034,2020,MEDICINA VETERINÁRIA,FACULDADE UNIBRAS DO MATO GROSSO,Privada,Presencial,Bacharelado,"Agricultura, silvicultura, pesca e veterinária",Medicina veterinária,4,29,0,0.00,0.00,2024,0.00,55.17,false
1408790,2020,DIREITO,FACULDADE FASIPE DE RONDONÓPOLIS,Privada,Presencial,Bacharelado,"Negócios, administração e direito",Direito,4,46,18,39.13,0.00,2024,47.83,36.96,true
1408791,2020,CIÊNCIAS CONTÁBEIS,FACULDADE FASIPE DE RONDONÓPOLIS,Privada,Presencial,Bacharelado,"Negócios, administração e direito",Contabilidade,4,13,,53.85,23.08,2024,61.54,30.77,false
1408793,2020,ENGENHARIA CIVIL,FACULDADE FASIPE DE RONDONÓPOLIS,Privada,Presencial,Bacharelado,"Engenharia, produção e construção",Engenharia civil,4,12,,50.00,0.00,2024,100.00,0.00,false
1408795,2020,ENFERMAGEM,FACULDADE FASIPE DE RONDONÓPOLIS,Privada,Presencial,Bacharelado,Saúde e bem-estar,Enfermagem,4,34,13,38.24,0.00,2024,38.24,38.24,true
1409942,2020,DIREITO,Faculdade Unicentral,Privada,Presencial,Bacharelado,"Negócios, administração e direito",Direito,4,29,,13.79,0.00,2024,13.79,34.48,false
1409985,2020,GESTÃO DO AGRONEGÓCIO,Faculdade Unicentral,Privada,Presencial,Tecnológico,"Negócios, administração e direito",Gestão do agronegócio,4,22,0,0.00,59.09,2024,0.00,59.09,false
1419552,2020,JORNALISMO,Universidade do Estado de Mato Grosso Carlos Alberto Reyes Maldonado - UNEMAT,Pública,Presencial,Bacharelado,"Ciências sociais, comunicação e informação",Jornalismo,4,34,22,64.71,0.00,2024,67.65,2.94,true
1420159,2020,CINEMA E AUDIOVISUAL,UNIVERSIDADE FEDERAL DE MATO GROSSO,Pública,Presencial,Bacharelado,Artes e humanidades,Cinema e audiovisual,4,25,,12.00,12.00,2024,12.00,20.00,false
1421634,2020,BIOTECNOLOGIA,"INSTITUTO FEDERAL DE EDUCAÇÃO, CIÊNCIA E TECNOLOGIA DE MATO GROSSO",Pública,Presencial,Bacharelado,"Ciências naturais, matemática e estatística",Biotecnologia,4,36,,13.89,0.00,2024,52.78,22.22,true
1429318,2020,ESTÉTICA E COSMÉTICA,Faculdade de Tecnologia de Sinop,Privada,Presencial,Tecnológico,Serviços,Estética e cosmética,4,12,,25.00,66.67,2024,25.00,66.67,false
1434466,2020,DIREITO,FACULDADE DE NOVA MUTUM,Privada,Presencial,Bacharelado,"Negócios, administração e direito",Direito,4,16,,43.75,0.00,2024,43.75,0.00,false
1438391,2020,CIÊNCIAS DA NATUREZA - BIOLOGIA,"INSTITUTO FEDERAL DE EDUCAÇÃO, CIÊNCIA E TECNOLOGIA DE MATO GROSSO",Pública,Presencial,Licenciatura,Educação,Biologia formação de professor,4,36,,19.44,0.00,2024,44.44,16.67,true
1440490,2020,ESTÉTICA E COSMÉTICA,Faculdade do Norte de Mato Grosso,Privada,Presencial,Tecnológico,Serviços,Estética e cosmética,4,13,,46.15,7.69,2024,69.23,30.77,false
1441368,2020,DIREITO,FACULDADE ÁGORA - FAG,Privada,Presencial,Bacharelado,"Negócios, administração e direito",Direito,4,33,18,54.55,0.00,2024,57.58,18.18,true
1441491,2020,ESTÉTICA E COSMÉTICA,FACULDADE UNIBRAS DO MATO GROSSO,Privada,Presencial,Tecnológico,Serviços,Estética e cosmética,4,13,,15.38,61.54,2024,15.38,61.54,false
1441878,2020,DIREITO,INSTITUTO DE ENSINO SUPERIOR DE CUIABÁ,Privada,Presencial,Bacharelado,"Negócios, administração e direito",Direito,4,47,27,57.45,0.00,2024,65.96,6.38,true
1441977,2020,ARQUITETURA E URBANISMO,FACULDADES INTEGRADAS DE RONDONÓPOLIS,Privada,Presencial,Bacharelado,"Engenharia, produção e construção",Arquitetura e urbanismo,4,16,10,62.50,0.00,2024,75.00,6.25,false
1442247,2020,ENFERMAGEM,Faculdade EduCareMT,Privada,Presencial,Bacharelado,Saúde e bem-estar,Enfermagem,4,16,,37.50,0.00,2024,50.00,0.00,false
1444550,2020,GESTÃO DE RECURSOS HUMANOS,"INSTITUTO FEDERAL DE EDUCAÇÃO, CIÊNCIA E TECNOLOGIA DE MATO GROSSO",Pública,Presencial,Tecnológico,"Negócios, administração e direito",Gestão de pessoas,4,46,,8.70,17.39,2024,65.22,23.91,true
1452469,2020,GESTÃO DE RECURSOS HUMANOS,"INSTITUTO FEDERAL DE EDUCAÇÃO, CIÊNCIA E TECNOLOGIA DE MATO GROSSO",Pública,Presencial,Tecnológico,"Negócios, administração e direito",Gestão de pessoas,4,36,,11.11,0.00,2024,36.11,8.33,true
1453735,2020,BIOMEDICINA,FACULDADE ANHANGUERA DE RONDONÓPOLIS,Privada,Presencial,Bacharelado,Saúde e bem-estar,Biomedicina,4,138,113,81.88,10.14,2024,84.06,12.32,true
1457707,2020,MEDICINA,Centro Universitário Estácio do Pantanal,Privada,Presencial,Bacharelado,Saúde e bem-estar,Medicina,4,49,27,55.10,0.00,2024,55.10,0.00,true
1466112,2020,DIREITO,FACULDADE DO VALE DO RIO ARINOS,Privada,Presencial,Bacharelado,"Negócios, administração e direito",Direito,4,54,35,64.81,0.00,2024,75.93,0.00,true
1471877,2020,DIREITO,Faculdade de Nova Mutum,Privada,Presencial,Bacharelado,"Negócios, administração e direito",Direito,4,86,37,43.02,0.00,2024,50.00,0.00,true
1471879,2020,PSICOLOGIA,Faculdade de Nova Mutum,Privada,Presencial,Bacharelado,"Ciências sociais, comunicação e informação",Psicologia,4,62,14,22.58,0.00,2024,35.48,0.00,true
1484336,2020,EDUCAÇÃO FÍSICA,"INSTITUTO FEDERAL DE EDUCAÇÃO, CIÊNCIA E TECNOLOGIA DE MATO GROSSO",Pública,Presencial,Licenciatura,Educação,Educação física formação de professor,4,51,,11.76,0.00,2024,49.02,15.69,true
1487354,2020,EDUCAÇÃO FÍSICA,CENTRO UNIVERSITÁRIO DO VALE DO ARAGUAIA,Privada,Presencial,Bacharelado,Saúde e bem-estar,Educação física,4,80,44,55.00,36.25,2024,56.25,38.75,true
15,2020,GEOLOGIA,UNIVERSIDADE FEDERAL DE MATO GROSSO,Pública,Presencial,Bacharelado,"Ciências naturais, matemática e estatística",Geologia,4,30,,13.33,0.00,2024,13.33,0.00,true
1518277,2020,ENGENHARIA ELÉTRICA,"INSTITUTO FEDERAL DE EDUCAÇÃO, CIÊNCIA E TECNOLOGIA DE MATO GROSSO",Pública,Presencial,Bacharelado,"Engenharia, produção e construção",Engenharia elétrica,4,40,,20.00,0.00,2024,50.00,0.00,true
1577617,2020,ADMINISTRAÇÃO,"INSTITUTO FEDERAL DE EDUCAÇÃO, CIÊNCIA E TECNOLOGIA DE MATO GROSSO",Pública,Presencial,Bacharelado,"Negócios, administração e direito",Administração,4,22,,4.55,0.00,2024,45.45,45.45,false
16,2020,ENGENHARIA ELÉTRICA,UNIVERSIDADE FEDERAL DE MATO GROSSO,Pública,Presencial,Bacharelado,"Engenharia, produção e construção",Engenharia elétrica,4,70,,11.43,1.43,2024,14.29,12.86,true
16264,2020,LETRAS,Universidade do Estado de Mato Grosso Carlos Alberto Reyes Maldonado - UNEMAT,Pública,Presencial,Licenciatura,Educação,Letras português formação de professor,4,35,17,48.57,0.00,2024,48.57,8.57,true
16265,2020,PEDAGOGIA,Universidade do Estado de Mato Grosso Carlos Alberto Reyes Maldonado - UNEMAT,Pública,Presencial,Licenciatura,Educação,Pedagogia,4,37,18,48.65,0.00,2024,48.65,24.32,true
16266,2020,HISTÓRIA,Universidade do Estado de Mato Grosso Carlos Alberto Reyes Maldonado - UNEMAT,Pública,Presencial,Licenciatura,Educação,História formação de professor,4,35,21,60.00,0.00,2024,62.86,5.71,true
16267,2020,GEOGRAFIA,Universidade do Estado de Mato Grosso Carlos Alberto Reyes Maldonado - UNEMAT,Pública,Presencial,Licenciatura,Educação,Geografia formação de professor,4,36,25,69.44,0.00,2024,69.44,11.11,true
16268,2020,MATEMÁTICA,Universidade do Estado de Mato Grosso Carlos Alberto Reyes Maldonado - UNEMAT,Pública,Presencial,Licenciatura,Educação,Matemática formação de professor,4,39,22,56.41,0.00,2024,58.97,17.95,true
16269,2020,CIÊNCIAS BIOLÓGICAS,Universidade do Estado de Mato Grosso Carlos Alberto Reyes Maldonado - UNEMAT,Pública,Presencial,Licenciatura,Educação,Biologia formação de professor,4,37,17,45.95,0.00,2024,45.95,5.41,true
16270,2020,LETRAS - PORTUGUÊS E INGLÊS,Universidade do Estado de Mato Grosso Carlos Alberto Reyes Maldonado - UNEMAT,Pública,Presencial,Licenciatura,Educação,Letras português inglês formação de professor,4,37,16,43.24,0.00,2024,51.35,21.62,true
16271,2020,PEDAGOGIA,Universidade do Estado de Mato Grosso Carlos Alberto Reyes Maldonado - UNEMAT,Pública,Presencial,Licenciatura,Educação,Pedagogia,4,39,24,61.54,0.00,2024,66.67,12.82,true
16272,2020,MATEMÁTICA,Universidade do Estado de Mato Grosso Carlos Alberto Reyes Maldonado - UNEMAT,Pública,Presencial,Licenciatura,Educação,Matemática formação de professor,4,37,26,70.27,0.00,2024,83.78,0.00,true
16273,2020,LETRAS - PORTUGUÊS E INGLÊS,Universidade do Estado de Mato Grosso Carlos Alberto Reyes Maldonado - UNEMAT,Pública,Presencial,Licenciatura,Educação,Letras português inglês formação de professor,4,35,27,77.14,0.00,2024,77.14,2.86,true
16274,2020,LETRAS,Universidade do Estado de Mato Grosso Carlos Alberto Reyes Maldonado - UNEMAT,Pública,Presencial,Licenciatura,Educação,Letras português formação de professor,4,40,24,60.00,0.00,2024,65.00,17.50,true
16275,2020,CIÊNCIAS BIOLÓGICAS,Universidade do Estado de Mato Grosso Carlos Alberto Reyes Maldonado - UNEMAT,Pública,Presencial,Licenciatura,Educação,Biologia formação de professor,4,38,27,71.05,0.00,2024,73.68,13.16,true
16276,2020,CIÊNCIAS BIOLÓGICAS,Universidade do Estado de Mato Grosso Carlos Alberto Reyes Maldonado - UNEMAT,Pública,Presencial,Licenciatura,Educação,Biologia formação de professor,4,35,22,62.86,0.00,2024,62.86,0.00,true
16280,2020,DIREITO,Universidade do Estado de Mato Grosso Carlos Alberto Reyes Maldonado - UNEMAT,Pública,Presencial,Bacharelado,"Negócios, administração e direito",Direito,4,42,,14.29,2.38,2024,16.67,66.67,true
16281,2020,CIÊNCIAS CONTÁBEIS,Universidade do Estado de Mato Grosso Carlos Alberto Reyes Maldonado - UNEMAT,Pública,Presencial,Bacharelado,"Negócios, administração e direito",Contabilidade,4,35,17,48.57,0.00,2024,54.29,14.29,true
16817,2020,DIREITO,UNIVERSIDADE DE CUIABÁ,Privada,Presencial,Bacharelado,"Negócios, administração e direito",Direito,4,787,624,79.29,8.26,2024,82.21,13.47,true
16819,2020,PEDAGOGIA,UNIVERSIDADE DE CUIABÁ,Privada,Presencial,Licenciatura,Educação,Pedagogia,4,100,87,87.00,6.00,2024,88.00,9.00,true
16824,2020,PSICOLOGIA,UNIVERSIDADE DE CUIABÁ,Privada,Presencial,Bacharelado,"Ciências sociais, comunicação e informação",Psicologia,4,234,172,73.50,6.84,2024,74.36,18.80,true
16825,2020,FISIOTERAPIA,UNIVERSIDADE DE CUIABÁ,Privada,Presencial,Bacharelado,Saúde e bem-estar,Fisioterapia,4,223,158,70.85,10.76,2024,73.99,18.39,true
16826,2020,FARMÁCIA,UNIVERSIDADE DE CUIABÁ,Privada,Presencial,Bacharelado,Saúde e bem-estar,Farmácia,4,81,55,67.90,12.35,2024,69.14,24.69,true
16827,2020,ODONTOLOGIA,UNIVERSIDADE DE CUIABÁ,Privada,Presencial,Bacharelado,Saúde e bem-estar,Odontologia,4,175,103,58.86,22.86,2024,61.14,35.43,true
16829,2020,ADMINISTRAÇÃO,UNIVERSIDADE DE CUIABÁ,Privada,Presencial,Bacharelado,"Negócios, administração e direito",Administração,4,158,134,84.81,7.59,2024,87.97,9.49,true
16830,2020,CIÊNCIAS CONTÁBEIS,UNIVERSIDADE DE CUIABÁ,Privada,Presencial,Bacharelado,"Negócios, administração e direito",Contabilidade,4,148,126,85.14,8.11,2024,85.81,12.16,true
16834,2020,MEDICINA VETERINÁRIA,UNIVERSIDADE DE CUIABÁ,Privada,Presencial,Bacharelado,"Agricultura, silvicultura, pesca e veterinária",Medicina veterinária,4,194,101,52.06,4.12,2024,54.64,25.77,true
16859,2020,ADMINISTRAÇÃO,FACULDADE ANHANGUERA DE RONDONÓPOLIS,Privada,Presencial,Bacharelado,"Negócios, administração e direito",Administração,4,135,118,87.41,6.67,2024,88.89,10.37,true
16860,2020,DIREITO,FACULDADE ANHANGUERA DE RONDONÓPOLIS,Privada,Presencial,Bacharelado,"Negócios, administração e direito",Direito,4,224,183,81.70,2.68,2024,83.93,10.27,true
16863,2020,PEDAGOGIA,Centro Universitário Invest,Privada,Presencial,Licenciatura,Educação,Pedagogia,4,61,24,39.34,26.23,2024,68.85,29.51,true
16867,2020,ADMINISTRAÇÃO,Centro Universitário Invest,Privada,Presencial,Bacharelado,"Negócios, administração e direito",Administração,4,26,,23.08,34.62,2024,53.85,42.31,false
16868,2020,CIÊNCIAS CONTÁBEIS,Centro Universitário Invest,Privada,Presencial,Bacharelado,"Negócios, administração e direito",Contabilidade,4,49,11,22.45,28.57,2024,55.10,36.73,true
16945,2020,CIÊNCIAS CONTÁBEIS,CENTRO UNIVERSITÁRIO DE VÁRZEA GRANDE,Privada,Presencial,Bacharelado,"Negócios, administração e direito",Contabilidade,4,64,40,62.50,25.00,2024,68.75,29.69,true
16946,2020,ADMINISTRAÇÃO,CENTRO UNIVERSITÁRIO DE VÁRZEA GRANDE,Privada,Presencial,Bacharelado,"Negócios, administração e direito",Administração,4,55,40,72.73,18.18,2024,74.55,21.82,true
16953,2020,ADMINISTRAÇÃO,FACULDADES INTEGRADAS DE DIAMANTINO,Privada,Presencial,Bacharelado,"Negócios, administração e direito",Administração,4,11,,72.73,18.18,2024,72.73,18.18,false
16964,2020,CIÊNCIAS CONTÁBEIS,FACULDADE DE CIÊNCIAS SOCIAIS APLICADAS DO VALE DO SÃO LOURENÇO,Privada,Presencial,Bacharelado,"Negócios, administração e direito",Contabilidade,4,24,,33.33,45.83,2024,37.50,50.00,false
17,2020,ENFERMAGEM,UNIVERSIDADE FEDERAL DE MATO GROSSO,Pública,Presencial,Bacharelado,Saúde e bem-estar,Enfermagem,4,54,,11.11,0.00,2024,18.52,14.81,true
17052,2020,ADMINISTRAÇÃO,Universidade do Estado de Mato Grosso Carlos Alberto Reyes Maldonado - UNEMAT,Pública,Presencial,Bacharelado,"Negócios, administração e direito",Administração,4,73,40,54.79,0.00,2024,57.53,10.96,true
17053,2020,CIÊNCIAS CONTÁBEIS,Universidade do Estado de Mato Grosso Carlos Alberto Reyes Maldonado - UNEMAT,Pública,Presencial,Bacharelado,"Negócios, administração e direito",Contabilidade,4,39,15,38.46,7.69,2024,38.46,25.64,true
17056,2020,LETRAS,Universidade do Estado de Mato Grosso Carlos Alberto Reyes Maldonado - UNEMAT,Pública,Presencial,Licenciatura,Educação,Letras português formação de professor,4,37,19,51.35,0.00,2024,54.05,13.51,true
17118,2020,ADMINISTRAÇÃO,CENTRO UNIVERSITÁRIO DO VALE DO ARAGUAIA,Privada,Presencial,Bacharelado,"Negócios, administração e direito",Administração,4,30,17,56.67,40.00,2024,56.67,43.33,true
17119,2020,CIÊNCIAS CONTÁBEIS,CENTRO UNIVERSITÁRIO DO VALE DO ARAGUAIA,Privada,Presencial,Bacharelado,"Negócios, administração e direito",Contabilidade,4,49,22,44.90,42.86,2024,44.90,44.90,true
17120,2020,PEDAGOGIA,CENTRO UNIVERSITÁRIO DO VALE DO ARAGUAIA,Privada,Presencial,Licenciatura,Educação,Pedagogia,4,44,11,25.00,45.45,2024,25.00,50.00,true
17313,2020,DIREITO,Faculdade Católica de Várzea Grande,Privada,Presencial,Bacharelado,"Negócios, administração e direito",Direito,4,67,25,37.31,22.39,2024,47.76,46.27,true
17594,2020,DIREITO,CENTRO UNIVERSITÁRIO DE VÁRZEA GRANDE,Privada,Presencial,Bacharelado,"Negócios, administração e direito",Direito,4,498,248,49.80,13.25,2024,54.42,40.16,true
17711,2020,CIÊNCIAS CONTÁBEIS,FACULDADE DE ALTA FLORESTA,Privada,Presencial,Bacharelado,"Negócios, administração e direito",Contabilidade,4,10,10,100.00,0.00,2024,100.00,0.00,false
18354,2020,MATEMÁTICA,UNIVERSIDADE FEDERAL DE MATO GROSSO,Pública,Presencial,Licenciatura,Educação,Matemática formação de professor,4,27,,18.52,3.70,2024,18.52,11.11,false
18471,2020,ARQUITETURA E URBANISMO,UNIVERSIDADE DE CUIABÁ,Privada,Presencial,Bacharelado,"Engenharia, produção e construção",Arquitetura e urbanismo,4,146,111,76.03,9.59,2024,76.71,15.07,true
18472,2020,MEDICINA,UNIVERSIDADE DE CUIABÁ,Privada,Presencial,Bacharelado,Saúde e bem-estar,Medicina,4,243,53,21.81,0.82,2024,23.87,3.29,true
18473,2020,ENFERMAGEM,UNIVERSIDADE DE CUIABÁ,Privada,Presencial,Bacharelado,Saúde e bem-estar,Enfermagem,4,257,208,80.93,5.06,2024,82.49,12.45,true
19,2020,EDUCAÇÃO FÍSICA,UNIVERSIDADE FEDERAL DE MATO GROSSO,Pública,Presencial,Licenciatura,Educação,Educação física formação de professor,4,49,,10.20,6.12,2024,12.24,10.20,true
19592,2020,CIÊNCIAS CONTÁBEIS,FACULDADES INTEGRADAS DE DIAMANTINO,Privada,Presencial,Bacharelado,"Negócios, administração e direito",Contabilidade,4,16,,37.50,56.25,2024,43.75,56.25,false
19594,2020,PEDAGOGIA,CENTRO UNIVERSITÁRIO DE VÁRZEA GRANDE,Privada,Presencial,Licenciatura,Educação,Pedagogia,4,28,20,71.43,21.43,2024,71.43,28.57,false
19595,2020,SISTEMA DE INFORMAÇÃO,CENTRO UNIVERSITÁRIO DE VÁRZEA GRANDE,Privada,Presencial,Bacharelado,Computação e Tecnologias da Informação e Comunicação (TIC),Sistemas de informação,4,20,,45.00,25.00,2024,65.00,35.00,false
19730,2020,DIREITO,CENTRO UNIVERSITÁRIO UNIC,Privada,Presencial,Bacharelado,"Negócios, administração e direito",Direito,4,111,108,97.30,2.70,2024,97.30,2.70,true
19761,2020,ADMINISTRAÇÃO,FACULDADE ANHANGUERA DE TANGARÁ DA SERRA,Privada,Presencial,Bacharelado,"Negócios, administração e direito",Administração,4,21,20,95.24,0.00,2024,100.00,0.00,false
19917,2020,CIÊNCIAS CONTÁBEIS,FACULDADE ANHANGUERA DE TANGARÁ DA SERRA,Privada,Presencial,Bacharelado,"Negócios, administração e direito",Contabilidade,4,24,21,87.50,0.00,2024,95.83,4.17,false
19918,2020,CIÊNCIAS CONTÁBEIS,"FACULDADE ANHANGUERA DE CIÊNCIAS JURÍDICAS, GERENCIAIS E EDUCAÇÃO DE SINOP",Privada,Presencial,Bacharelado,"Negócios, administração e direito",Contabilidade,4,25,20,80.00,16.00,2024,84.00,16.00,false
19934,2020,CIÊNCIAS CONTÁBEIS,FACULDADES INTEGRADAS DE RONDONÓPOLIS,Privada,Presencial,Bacharelado,"Negócios, administração e direito",Contabilidade,4,33,24,72.73,18.18,2024,78.79,18.18,true
2,2020,CIÊNCIAS ECONÔMICAS,UNIVERSIDADE FEDERAL DE MATO GROSSO,Pública,Presencial,Bacharelado,"Ciências sociais, comunicação e informação",Economia,4,118,14,11.86,2.54,2024,12.71,16.10,true
20,2020,NUTRIÇÃO,UNIVERSIDADE FEDERAL DE MATO GROSSO,Pública,Presencial,Bacharelado,Saúde e bem-estar,Nutrição,4,54,,7.41,1.85,2024,7.41,16.67,true
20016,2020,ODONTOLOGIA,CENTRO UNIVERSITÁRIO DE VÁRZEA GRANDE,Privada,Presencial,Bacharelado,Saúde e bem-estar,Odontologia,4,111,41,36.94,45.05,2024,40.54,55.86,true
20144,2020,AGRONOMIA,CENTRO UNIVERSITÁRIO DE VÁRZEA GRANDE,Privada,Presencial,Bacharelado,"Agricultura, silvicultura, pesca e veterinária",Agronomia,4,54,24,44.44,11.11,2024,51.85,35.19,true
20472,2020,PEDAGOGIA,FACULDADE DE GUARANTÃ DO NORTE,Privada,Presencial,Licenciatura,Educação,Pedagogia,4,14,,28.57,35.71,2024,64.29,35.71,false
20474,2020,CIÊNCIAS CONTÁBEIS,FACULDADE CATÓLICA RAINHA DA PAZ DE ARAPUTANGA,Privada,Presencial,Bacharelado,"Negócios, administração e direito",Contabilidade,4,23,,8.70,47.83,2024,8.70,52.17,false
20757,2020,DIREITO,FACULDADE ANHANGUERA DE TANGARÁ DA SERRA,Privada,Presencial,Bacharelado,"Negócios, administração e direito",Direito,4,185,132,71.35,13.51,2024,71.89,22.16,true
21,2020,CIÊNCIAS CONTÁBEIS,Universidade Federal de Rondonópolis,Pública,Presencial,Bacharelado,"Negócios, administração e direito",Contabilidade,4,71,,12.68,0.00,2024,36.62,11.27,true
21442,2020,FARMÁCIA,UNIVERSIDADE FEDERAL DE MATO GROSSO,Pública,Presencial,Bacharelado,Saúde e bem-estar,Farmácia,4,30,,10.00,0.00,2024,13.33,36.67,true
22118,2020,LETRAS PORTUGUÊS E INGLÊS,UNIVERSIDADE FEDERAL DE MATO GROSSO,Pública,Presencial,Licenciatura,Educação,Letras português inglês formação de professor,4,25,,16.00,4.00,2024,16.00,16.00,false
22837,2020,LETRAS - LÍNGUA PORTUGUESA,Universidade Federal de Rondonópolis,Pública,Presencial,Licenciatura,Educação,Letras português formação de professor,4,30,,13.33,3.33,2024,53.33,6.67,true
23,2020,PEDAGOGIA,Universidade Federal de Rondonópolis,Pública,Presencial,Licenciatura,Educação,Pedagogia,4,30,,13.33,10.00,2024,26.67,13.33,true
24,2020,GEOGRAFIA,Universidade Federal de Rondonópolis,Pública,Presencial,Licenciatura,Educação,Geografia formação de professor,4,38,,10.53,0.00,2024,28.95,2.63,true
24211,2020,PUBLICIDADE E PROPAGANDA,CENTRO UNIVERSITÁRIO UNIC,Privada,Presencial,Bacharelado,"Negócios, administração e direito",Publicidade e propaganda,4,48,35,72.92,6.25,2024,77.08,18.75,true
25,2020,HISTÓRIA,Universidade Federal de Rondonópolis,Pública,Presencial,Licenciatura,Educação,História formação de professor,4,23,0,0.00,0.00,2024,30.43,17.39,false
25902,2020,LETRAS PORTUGUÊS E FRANCÊS,UNIVERSIDADE FEDERAL DE MATO GROSSO,Pública,Presencial,Licenciatura,Educação,Letras português francês formação de professor,4,16,,18.75,6.25,2024,18.75,12.50,false
25903,2020,LETRAS - PORTUGUÊS E LITERATURAS,UNIVERSIDADE FEDERAL DE MATO GROSSO,Pública,Presencial,Licenciatura,Educação,Letras português formação de professor,4,21,,14.29,28.57,2024,19.05,33.33,false
25949,2020,LETRAS - LÍNGUA PORTUGUESA E LITERATURAS DE LíNGUA PORTUGUESA,UNIVERSIDADE FEDERAL DE MATO GROSSO,Pública,Presencial,Licenciatura,Educação,Letras português formação de professor,4,33,,18.18,24.24,2024,18.18,36.36,true
26,2020,MATEMÁTICA,UNIVERSIDADE FEDERAL DE MATO GROSSO,Pública,Presencial,Licenciatura,Educação,Matemática formação de professor,4,55,13,23.64,3.64,2024,25.45,10.91,true
26025,2020,LETRAS PORTUGUÊS E ESPANHOL E RESPECTIVAS LITERATURAS,UNIVERSIDADE FEDERAL DE MATO GROSSO,Pública,Presencial,Licenciatura,Educação,Letras português espanhol formação de professor,4,21,,9.52,19.05,2024,9.52,33.33,false
27,2020,FÍSICA,UNIVERSIDADE FEDERAL DE MATO GROSSO,Pública,Presencial,Licenciatura,Educação,Física formação de professor,4,74,17,22.97,0.00,2024,24.32,0.00,true
29,2020,CIÊNCIAS BIOLÓGICAS,UNIVERSIDADE FEDERAL DE MATO GROSSO,Pública,Presencial,Licenciatura,Educação,Biologia formação de professor,4,35,,22.86,8.57,2024,22.86,17.14,true
3,2020,ENGENHARIA CIVIL,UNIVERSIDADE FEDERAL DE MATO GROSSO,Pública,Presencial,Bacharelado,"Engenharia, produção e construção",Engenharia civil,4,49,,12.24,6.12,2024,16.33,20.41,true
30537,2020,LETRAS - PORTUGUÊS E INGLÊS,CENTRO UNIVERSITÁRIO DE VÁRZEA GRANDE,Privada,Presencial,Licenciatura,Educação,Letras português inglês formação de professor,4,16,11,68.75,12.50,2024,75.00,25.00,false
32,2020,CIÊNCIAS BIOLÓGICAS,Universidade Federal de Rondonópolis,Pública,Presencial,Licenciatura,Educação,Biologia formação de professor,4,26,,7.69,3.85,2024,11.54,26.92,false
34,2020,MATEMÁTICA,Universidade Federal de Rondonópolis,Pública,Presencial,Licenciatura,Educação,Matemática formação de professor,4,47,,10.64,0.00,2024,29.79,12.77,true
36,2020,CIÊNCIA DA COMPUTAÇÃO,UNIVERSIDADE FEDERAL DE MATO GROSSO,Pública,Presencial,Bacharelado,Computação e Tecnologias da Informação e Comunicação (TIC),Ciência da computação,4,42,11,26.19,9.52,2024,28.57,30.95,true
37,2020,MEDICINA VETERINÁRIA,UNIVERSIDADE FEDERAL DE MATO GROSSO,Pública,Presencial,Bacharelado,"Agricultura, silvicultura, pesca e veterinária",Medicina veterinária,4,56,,16.07,0.00,2024,28.57,10.71,true
40677,2020,COMUNICAÇÃO SOCIAL - PUBLICIDADE E PROPAGANDA,CENTRO UNIVERSITÁRIO DE VÁRZEA GRANDE,Privada,Presencial,Bacharelado,"Negócios, administração e direito",Publicidade e propaganda,4,28,13,46.43,50.00,2024,50.00,50.00,false
41673,2020,BIBLIOTECONOMIA,Universidade Federal de Rondonópolis,Pública,Presencial,Bacharelado,"Ciências sociais, comunicação e informação",Biblioteconomia,4,14,,35.71,0.00,2024,50.00,14.29,false
41690,2020,CIÊNCIAS BIOLÓGICAS,UNIVERSIDADE FEDERAL DE MATO GROSSO,Pública,Presencial,Licenciatura,Educação,Biologia formação de professor,4,34,,23.53,2.94,2024,23.53,5.88,true
43037,2020,MATEMÁTICA,Universidade do Estado de Mato Grosso Carlos Alberto Reyes Maldonado - UNEMAT,Pública,Presencial,Licenciatura,Educação,Matemática formação de professor,4,37,18,48.65,0.00,2024,48.65,10.81,true
43044,2020,CIÊNCIA DA COMPUTAÇÃO,Universidade do Estado de Mato Grosso Carlos Alberto Reyes Maldonado - UNEMAT,Pública,Presencial,Bacharelado,Computação e Tecnologias da Informação e Comunicação (TIC),Ciência da computação,4,37,12,32.43,0.00,2024,32.43,8.11,true
44,2020,ARQUITETURA E URBANISMO,UNIVERSIDADE FEDERAL DE MATO GROSSO,Pública,Presencial,Bacharelado,"Engenharia, produção e construção",Arquitetura e urbanismo,4,56,,7.14,0.00,2024,7.14,28.57,true
44461,2020,ADMINISTRAÇÃO,Universidade do Estado de Mato Grosso Carlos Alberto Reyes Maldonado - UNEMAT,Pública,Presencial,Bacharelado,"Negócios, administração e direito",Administração,4,38,16,42.11,0.00,2024,44.74,7.89,true
46972,2020,CIÊNCIA DA COMPUTAÇÃO,CENTRO UNIVERSITÁRIO UNIC,Privada,Presencial,Bacharelado,Computação e Tecnologias da Informação e Comunicação (TIC),Ciência da computação,4,50,35,70.00,20.00,2024,70.00,24.00,true
47922,2020,CIÊNCIAS CONTÁBEIS,FACULDADE ANHANGUERA DE PRIMAVERA DO LESTE,Privada,Presencial,Bacharelado,"Negócios, administração e direito",Contabilidade,4,28,19,67.86,21.43,2024,71.43,25.00,false
48299,2020,ADMINISTRAÇÃO,Universidade do Estado de Mato Grosso Carlos Alberto Reyes Maldonado - UNEMAT,Pública,Presencial,Bacharelado,"Negócios, administração e direito",Administração,4,37,17,45.95,2.70,2024,45.95,18.92,true
48302,2020,DIREITO,Universidade do Estado de Mato Grosso Carlos Alberto Reyes Maldonado - UNEMAT,Pública,Presencial,Bacharelado,"Negócios, administração e direito",Direito,4,40,,17.50,2.50,2024,17.50,50.00,true
48385,2020,ADMINISTRAÇÃO,FACULDADE ANHANGUERA DE PRIMAVERA DO LESTE,Privada,Presencial,Bacharelado,"Negócios, administração e direito",Administração,4,36,29,80.56,13.89,2024,80.56,13.89,true
49045,2020,CIÊNCIAS CONTÁBEIS,FACULDADE ANHANGUERA DE RONDONÓPOLIS,Privada,Presencial,Bacharelado,"Negócios, administração e direito",Contabilidade,4,98,91,92.86,4.08,2024,93.88,5.10,true
49094,2020,AGRONOMIA,FACULDADE ANHANGUERA DE RONDONÓPOLIS,Privada,Presencial,Bacharelado,"Agricultura, silvicultura, pesca e veterinária",Agronomia,4,246,189,76.83,3.66,2024,80.08,13.82,true
5000750,2020,PSICOLOGIA,Centro Universitário FASIPE,Privada,Presencial,Bacharelado,"Ciências sociais, comunicação e informação",Psicologia,4,78,30,38.46,3.85,2024,46.15,42.31,true
5000953,2020,DIREITO,INSTITUTO CUIABÁ DE ENSINO E CULTURA,Privada,Presencial,Bacharelado,"Negócios, administração e direito",Direito,4,120,97,80.83,14.17,2024,84.17,14.17,true
5001033,2020,MEDICINA,CENTRO UNIVERSITÁRIO DE VÁRZEA GRANDE,Privada,Presencial,Bacharelado,Saúde e bem-estar,Medicina,4,145,28,19.31,2.76,2024,20.69,5.52,true
5001171,2020,GESTÃO DE RECURSOS HUMANOS,FACULDADE DE TECNOLOGIA SENAI MATO GROSSO,Privada,Presencial,Tecnológico,"Negócios, administração e direito",Gestão de pessoas,4,54,39,72.22,9.26,2024,72.22,12.96,true
5001172,2020,ANÁLISE E DESENVOLVIMENTO DE SISTEMAS,FACULDADE DE TECNOLOGIA SENAI MATO GROSSO,Privada,Presencial,Tecnológico,Computação e Tecnologias da Informação e Comunicação (TIC),Sistemas de informação,4,56,39,69.64,1.79,2024,71.43,8.93,true
5001173,2020,ALIMENTOS,FACULDADE DE TECNOLOGIA SENAI MATO GROSSO,Privada,Presencial,Tecnológico,"Engenharia, produção e construção",Alimentos,4,24,19,79.17,20.83,2024,79.17,20.83,false
5001274,2020,LOGÍSTICA,FACULDADE DE TECNOLOGIA SENAI MATO GROSSO,Privada,Presencial,Tecnológico,"Negócios, administração e direito",Logística,4,60,37,61.67,23.33,2024,61.67,30.00,true
5001515,2020,AUTOMAÇÃO INDUSTRIAL,FACULDADE DE TECNOLOGIA SENAI MATO GROSSO,Privada,Presencial,Tecnológico,"Engenharia, produção e construção",Automação industrial,4,48,32,66.67,4.17,2024,66.67,14.58,true
5001520,2020,AGROCOMPUTAÇÃO,FACULDADE DE TECNOLOGIA SENAI MATO GROSSO,Privada,Presencial,Tecnológico,Computação e Tecnologias da Informação e Comunicação (TIC),Agrocomputação,4,61,47,77.05,11.48,2024,78.69,16.39,true
5001522,2020,AGROCOMPUTAÇÃO,FACULDADE DE TECNOLOGIA SENAI MATO GROSSO,Privada,Presencial,Tecnológico,Computação e Tecnologias da Informação e Comunicação (TIC),Agrocomputação,4,24,17,70.83,16.67,2024,70.83,20.83,false
51549,2020,ADMINISTRAÇÃO,Faculdade FASIPE,Privada,Presencial,Bacharelado,"Negócios, administração e direito",Administração,4,22,14,63.64,18.18,2024,68.18,27.27,false
51558,2020,ENFERMAGEM,Universidade do Estado de Mato Grosso Carlos Alberto Reyes Maldonado - UNEMAT,Pública,Presencial,Bacharelado,Saúde e bem-estar,Enfermagem,4,40,14,35.00,0.00,2024,35.00,15.00,true
51609,2020,AGRONOMIA,Universidade do Estado de Mato Grosso Carlos Alberto Reyes Maldonado - UNEMAT,Pública,Presencial,Bacharelado,"Agricultura, silvicultura, pesca e veterinária",Agronomia,4,36,,25.00,2.78,2024,27.78,25.00,true
51611,2020,ADMINISTRAÇÃO,CENTRO UNIVERSITÁRIO LA SALLE,Privada,Presencial,Bacharelado,"Negócios, administração e direito",Administração,4,27,17,62.96,18.52,2024,70.37,25.93,false
51613,2020,AGRONOMIA,Universidade do Estado de Mato Grosso Carlos Alberto Reyes Maldonado - UNEMAT,Pública,Presencial,Bacharelado,"Agricultura, silvicultura, pesca e veterinária",Agronomia,4,40,13,32.50,0.00,2024,35.00,10.00,true
51615,2020,CIÊNCIAS CONTÁBEIS,CENTRO UNIVERSITÁRIO LA SALLE,Privada,Presencial,Bacharelado,"Negócios, administração e direito",Contabilidade,4,31,15,48.39,19.35,2024,48.39,38.71,true
51618,2020,CIÊNCIAS ECONÔMICAS,Universidade do Estado de Mato Grosso Carlos Alberto Reyes Maldonado - UNEMAT,Pública,Presencial,Bacharelado,"Ciências sociais, comunicação e informação",Economia,4,20,,20.00,0.00,2024,25.00,25.00,false
51622,2020,ENGENHARIA DE PRODUÇÃO AGROINDUSTRIAL,Universidade do Estado de Mato Grosso Carlos Alberto Reyes Maldonado - UNEMAT,Pública,Presencial,Bacharelado,"Engenharia, produção e construção",Engenharia de produção,4,31,22,70.97,0.00,2024,70.97,9.68,true
51628,2020,ARQUITETURA E URBANISMO,Universidade do Estado de Mato Grosso Carlos Alberto Reyes Maldonado - UNEMAT,Pública,Presencial,Bacharelado,"Engenharia, produção e construção",Arquitetura e urbanismo,4,36,15,41.67,0.00,2024,41.67,11.11,true
51638,2020,AGRONOMIA,Universidade do Estado de Mato Grosso Carlos Alberto Reyes Maldonado - UNEMAT,Pública,Presencial,Bacharelado,"Agricultura, silvicultura, pesca e veterinária",Agronomia,4,37,12,32.43,0.00,2024,32.43,43.24,true
51648,2020,ENGENHARIA FLORESTAL,Universidade do Estado de Mato Grosso Carlos Alberto Reyes Maldonado - UNEMAT,Pública,Presencial,Bacharelado,"Agricultura, silvicultura, pesca e veterinária",Engenharia florestal,4,27,18,66.67,0.00,2024,66.67,7.41,false
51719,2020,ADMINISTRAÇÃO,FACULDADE ANHANGUERA DE SORRISO,Privada,Presencial,Bacharelado,"Negócios, administração e direito",Administração,4,47,40,85.11,10.64,2024,87.23,12.77,true
51770,2020,CIÊNCIAS CONTÁBEIS,CENTRO UNIVERSITÁRIO CATHEDRAL,Privada,Presencial,Bacharelado,"Negócios, administração e direito",Contabilidade,4,48,28,58.33,31.25,2024,68.75,31.25,true
52216,2020,FISIOTERAPIA,CENTRO UNIVERSITÁRIO DE VÁRZEA GRANDE,Privada,Presencial,Bacharelado,Saúde e bem-estar,Fisioterapia,4,52,23,44.23,36.54,2024,51.92,44.23,true
52233,2020,FARMÁCIA,CENTRO UNIVERSITÁRIO DE VÁRZEA GRANDE,Privada,Presencial,Bacharelado,Saúde e bem-estar,Farmácia,4,20,,40.00,25.00,2024,40.00,50.00,false
53352,2020,ADMINISTRAÇÃO,CENTRO UNIVERSITÁRIO CATHEDRAL,Privada,Presencial,Bacharelado,"Negócios, administração e direito",Administração,4,31,14,45.16,38.71,2024,61.29,38.71,true
56912,2020,PEDAGOGIA,FACULDADE ANHANGUERA DE RONDONÓPOLIS,Privada,Presencial,Licenciatura,Educação,Pedagogia,4,60,60,100.00,0.00,2024,100.00,0.00,true
58506,2020,CIÊNCIAS BIOLÓGICAS,Universidade do Estado de Mato Grosso Carlos Alberto Reyes Maldonado - UNEMAT,Pública,Presencial,Licenciatura,Educação,Biologia formação de professor,4,37,24,64.86,0.00,2024,67.57,5.41,true
58508,2020,ADMINISTRAÇÃO,Universidade do Estado de Mato Grosso Carlos Alberto Reyes Maldonado - UNEMAT,Pública,Presencial,Bacharelado,"Negócios, administração e direito",Administração,4,28,,17.86,3.57,2024,21.43,21.43,false
58512,2020,TURISMO,Universidade do Estado de Mato Grosso Carlos Alberto Reyes Maldonado - UNEMAT,Pública,Presencial,Bacharelado,Serviços,Turismo,4,33,21,63.64,0.00,2024,66.67,6.06,true
58744,2020,CONTROLE DE OBRAS,"INSTITUTO FEDERAL DE EDUCAÇÃO, CIÊNCIA E TECNOLOGIA DE MATO GROSSO",Pública,Presencial,Tecnológico,"Engenharia, produção e construção",Controle de obras,4,28,,10.71,0.00,2024,39.29,7.14,false
59116,2020,FISIOTERAPIA,INSTITUTO CUIABÁ DE ENSINO E CULTURA,Privada,Presencial,Bacharelado,Saúde e bem-estar,Fisioterapia,4,47,34,72.34,17.02,2024,74.47,17.02,true
6,2020,PEDAGOGIA,UNIVERSIDADE FEDERAL DE MATO GROSSO,Pública,Presencial,Licenciatura,Educação,Pedagogia,4,89,11,12.36,41.57,2024,12.36,41.57,true
60050,2020,ANÁLISE E DESENVOLVIMENTO DE SISTEMAS,CENTRO UNIVERSITÁRIO UNIC,Privada,Presencial,Tecnológico,Computação e Tecnologias da Informação e Comunicação (TIC),Sistemas de informação,4,57,51,89.47,8.77,2024,91.23,8.77,true
60582,2020,FONOAUDIOLOGIA,CENTRO UNIVERSITÁRIO DE VÁRZEA GRANDE,Privada,Presencial,Bacharelado,Saúde e bem-estar,Fonoaudiologia,4,24,,33.33,50.00,2024,37.50,54.17,false
60584,2020,EDUCAÇÃO FÍSICA,CENTRO UNIVERSITÁRIO DE VÁRZEA GRANDE,Privada,Presencial,Licenciatura,Educação,Educação física formação de professor,4,18,15,83.33,16.67,2024,83.33,16.67,false
62906,2020,ZOOTECNIA,Universidade Federal de Rondonópolis,Pública,Presencial,Bacharelado,"Agricultura, silvicultura, pesca e veterinária",Zootecnia,4,55,,12.73,3.64,2024,29.09,12.73,true
62936,2020,JORNALISMO,UNIVERSIDADE FEDERAL DE MATO GROSSO,Pública,Presencial,Bacharelado,"Ciências sociais, comunicação e informação",Jornalismo,4,38,,10.53,2.63,2024,15.79,21.05,true
62940,2020,COMUNICAÇÃO SOCIAL - PUBLICIDADE E PROPAGANDA,UNIVERSIDADE FEDERAL DE MATO GROSSO,Pública,Presencial,Bacharelado,"Negócios, administração e direito",Publicidade e propaganda,4,37,,10.81,0.00,2024,16.22,18.92,true
63140,2020,ADMINISTRAÇÃO,FACULDADE CATÓLICA DE CUIABÁ,Privada,Presencial,Bacharelado,"Negócios, administração e direito",Administração,4,30,17,56.67,33.33,2024,63.33,36.67,true
63516,2020,PSICOLOGIA,CENTRO UNIVERSITÁRIO DE VÁRZEA GRANDE,Privada,Presencial,Bacharelado,"Ciências sociais, comunicação e informação",Psicologia,4,179,95,53.07,8.94,2024,58.66,32.40,true
64734,2020,ANÁLISE E DESENVOLVIMENTO DE SISTEMAS,CENTRO UNIVERSITÁRIO DE VÁRZEA GRANDE,Privada,Presencial,Tecnológico,Computação e Tecnologias da Informação e Comunicação (TIC),Sistemas de informação,4,18,14,77.78,22.22,2024,77.78,22.22,false
65471,2020,DIREITO,CENTRO UNIVERSITÁRIO CATHEDRAL,Privada,Presencial,Bacharelado,"Negócios, administração e direito",Direito,4,170,33,19.41,10.59,2024,37.06,42.35,true
65473,2020,SISTEMAS PARA INTERNET,"INSTITUTO FEDERAL DE EDUCAÇÃO, CIÊNCIA E TECNOLOGIA DE MATO GROSSO",Pública,Presencial,Tecnológico,Computação e Tecnologias da Informação e Comunicação (TIC),Sistemas para internet,4,32,,9.38,12.50,2024,34.38,18.75,true
66080,2020,DIREITO,UNIVERSIDADE DE CUIABÁ,Privada,Presencial,Bacharelado,"Negócios, administração e direito",Direito,4,418,380,90.91,7.18,2024,92.82,7.18,true
66381,2020,DIREITO,FACULDADE ANHANGUERA DE CIÊNCIAS SOCIAIS APLICADAS DE SINOP,Privada,Presencial,Bacharelado,"Negócios, administração e direito",Direito,4,79,61,77.22,12.66,2024,79.75,16.46,true
68063,2020,ZOOTECNIA,Universidade do Estado de Mato Grosso Carlos Alberto Reyes Maldonado - UNEMAT,Pública,Presencial,Bacharelado,"Agricultura, silvicultura, pesca e veterinária",Zootecnia,4,38,21,55.26,0.00,2024,55.26,18.42,true
68114,2020,CIÊNCIAS CONTÁBEIS,Universidade do Estado de Mato Grosso Carlos Alberto Reyes Maldonado - UNEMAT,Pública,Presencial,Bacharelado,"Negócios, administração e direito",Contabilidade,4,47,25,53.19,6.38,2024,57.45,17.02,true
68918,2020,DIREITO,FACULDADE ANHANGUERA DE PRIMAVERA DO LESTE,Privada,Presencial,Bacharelado,"Negócios, administração e direito",Direito,4,153,110,71.90,11.11,2024,72.55,22.22,true
68947,2020,CIÊNCIAS CONTÁBEIS,FACULDADE ANHANGUERA DE RONDONÓPOLIS,Privada,Presencial,Bacharelado,"Negócios, administração e direito",Contabilidade,4,18,17,94.44,5.56,2024,94.44,5.56,false
69038,2020,GESTÃO DO AGRONEGÓCIO,FACULDADE ANHANGUERA DE TANGARÁ DA SERRA,Privada,Presencial,Tecnológico,"Agricultura, silvicultura, pesca e veterinária",Agronegócio,4,17,17,100.00,0.00,2024,100.00,0.00,false
7,2020,SERVIÇO SOCIAL,UNIVERSIDADE FEDERAL DE MATO GROSSO,Pública,Presencial,Bacharelado,Saúde e bem-estar,Serviço social,4,71,,11.27,9.86,2024,11.27,18.31,true
70338,2020,ENFERMAGEM,CENTRO UNIVERSITÁRIO DE VÁRZEA GRANDE,Privada,Presencial,Bacharelado,Saúde e bem-estar,Enfermagem,4,167,88,52.69,14.37,2024,59.28,32.34,true
71115,2020,EDUCAÇÃO FÍSICA,Universidade do Estado de Mato Grosso Carlos Alberto Reyes Maldonado - UNEMAT,Pública,Presencial,Licenciatura,Educação,Educação física formação de professor,4,37,21,56.76,0.00,2024,56.76,5.41,true
71466,2020,JORNALISMO,UNIVERSIDADE DE CUIABÁ,Privada,Presencial,Bacharelado,"Ciências sociais, comunicação e informação",Jornalismo,4,54,45,83.33,5.56,2024,87.04,11.11,true
71939,2020,MARKETING,CENTRO UNIVERSITÁRIO CATHEDRAL,Privada,Presencial,Tecnológico,"Negócios, administração e direito",Marketing,4,25,21,84.00,16.00,2024,84.00,16.00,false
72347,2020,GESTÃO DE RECURSOS HUMANOS,INSTITUTO CUIABÁ DE ENSINO E CULTURA,Privada,Presencial,Tecnológico,"Negócios, administração e direito",Gestão de pessoas,4,28,21,75.00,25.00,2024,75.00,25.00,false
72579,2020,REDES DE COMPUTADORES,"FACULDADE ANHANGUERA DE CIÊNCIAS JURÍDICAS, GERENCIAIS E EDUCAÇÃO DE SINOP",Privada,Presencial,Tecnológico,Computação e Tecnologias da Informação e Comunicação (TIC),Redes de computadores,4,22,19,86.36,4.55,2024,86.36,4.55,false
72818,2020,RADIOLOGIA,UNIVERSIDADE DE CUIABÁ,Privada,Presencial,Tecnológico,Saúde e bem-estar,Radiologia,4,64,56,87.50,10.94,2024,89.06,10.94,true
73084,2020,EDUCAÇÃO FÍSICA,UNIVERSIDADE DE CUIABÁ,Privada,Presencial,Licenciatura,Educação,Educação física formação de professor,4,27,26,96.30,3.70,2024,96.30,3.70,false
74348,2020,GESTÃO COMERCIAL,CENTRO UNIVERSITÁRIO UNIC,Privada,Presencial,Tecnológico,"Negócios, administração e direito",Gestão comercial,4,48,39,81.25,18.75,2024,81.25,18.75,true
75096,2020,NUTRIÇÃO,UNIVERSIDADE DE CUIABÁ,Privada,Presencial,Bacharelado,Saúde e bem-estar,Nutrição,4,100,76,76.00,18.00,2024,79.00,20.00,true
75099,2020,AGRONOMIA,UNIVERSIDADE DE CUIABÁ,Privada,Presencial,Bacharelado,"Agricultura, silvicultura, pesca e veterinária",Agronomia,4,164,119,72.56,14.63,2024,75.61,15.85,true
78275,2020,COMUNICAÇÃO SOCIAL - JORNALISMO,Centro Universitário FASIPE,Privada,Presencial,Bacharelado,"Ciências sociais, comunicação e informação",Jornalismo,4,13,,46.15,38.46,2024,53.85,38.46,false
79552,2020,AGRONOMIA,FACULDADE ANHANGUERA DE PRIMAVERA DO LESTE,Privada,Presencial,Bacharelado,"Agricultura, silvicultura, pesca e veterinária",Agronomia,4,120,80,66.67,9.17,2024,67.50,26.67,true
79932,2020,FISIOTERAPIA,FACULDADE ANHANGUERA DE PRIMAVERA DO LESTE,Privada,Presencial,Bacharelado,Saúde e bem-estar,Fisioterapia,4,38,24,63.16,10.53,2024,63.16,28.95,true
8,2020,CIÊNCIAS CONTÁBEIS,UNIVERSIDADE FEDERAL DE MATO GROSSO,Pública,Presencial,Bacharelado,"Negócios, administração e direito",Contabilidade,4,73,10,13.70,36.99,2024,16.44,38.36,true
80204,2020,GESTÃO DO AGRONEGÓCIO,CENTRO UNIVERSITÁRIO CATHEDRAL,Privada,Presencial,Tecnológico,"Negócios, administração e direito",Gestão do agronegócio,4,33,17,51.52,27.27,2024,72.73,27.27,true
80232,2020,EDUCAÇÃO FÍSICA,FACULDADE CATÓLICA RAINHA DA PAZ DE ARAPUTANGA,Privada,Presencial,Licenciatura,Educação,Educação física formação de professor,4,12,,25.00,50.00,2024,25.00,58.33,false
80291,2020,DIREITO,CENTRO UNIVERSITÁRIO LA SALLE,Privada,Presencial,Bacharelado,"Negócios, administração e direito",Direito,4,99,49,49.49,10.10,2024,73.74,12.12,true
80358,2020,ARQUITETURA E URBANISMO,FACULDADE ANHANGUERA DE PRIMAVERA DO LESTE,Privada,Presencial,Bacharelado,"Engenharia, produção e construção",Arquitetura e urbanismo,4,39,20,51.28,12.82,2024,58.97,33.33,true
80360,2020,EDUCAÇÃO FÍSICA,FACULDADE ANHANGUERA DE PRIMAVERA DO LESTE,Privada,Presencial,Bacharelado,Saúde e bem-estar,Educação física,4,22,19,86.36,4.55,2024,90.91,9.09,false
80362,2020,FARMÁCIA,FACULDADE ANHANGUERA DE PRIMAVERA DO LESTE,Privada,Presencial,Bacharelado,Saúde e bem-estar,Farmácia,4,30,17,56.67,13.33,2024,60.00,30.00,true
80922,2020,PEDAGOGIA,Universidade do Estado de Mato Grosso Carlos Alberto Reyes Maldonado - UNEMAT,Pública,Presencial,Licenciatura,Educação,Pedagogia,4,40,22,55.00,0.00,2024,55.00,20.00,true
81399,2020,DIREITO,FACULDADE DE COLIDER,Privada,Presencial,Bacharelado,"Negócios, administração e direito",Direito,4,44,,13.64,0.00,2024,29.55,52.27,true
83372,2020,FARMÁCIA,FACULDADE ANHANGUERA DE TANGARÁ DA SERRA,Privada,Presencial,Bacharelado,Saúde e bem-estar,Farmácia,4,22,15,68.18,4.55,2024,68.18,31.82,false
83374,2020,FISIOTERAPIA,FACULDADE ANHANGUERA DE TANGARÁ DA SERRA,Privada,Presencial,Bacharelado,Saúde e bem-estar,Fisioterapia,4,46,28,60.87,8.70,2024,65.22,21.74,true
83884,2020,CIÊNCIAS CONTÁBEIS,AJES - FACULDADE DO VALE DO JURUENA,Privada,Presencial,Bacharelado,"Negócios, administração e direito",Contabilidade,4,11,,63.64,36.36,2024,63.64,36.36,false
84854,2020,PSICOLOGIA,Universidade Federal de Rondonópolis,Pública,Presencial,Bacharelado,"Ciências sociais, comunicação e informação",Psicologia,4,29,,13.79,0.00,2024,17.24,48.28,false
85066,2020,GESTÃO DE RECURSOS HUMANOS,CENTRO UNIVERSITÁRIO DE VÁRZEA GRANDE,Privada,Presencial,Tecnológico,"Negócios, administração e direito",Gestão de pessoas,4,13,12,92.31,7.69,2024,92.31,7.69,false
87358,2020,GASTRONOMIA,UNIVERSIDADE DE CUIABÁ,Privada,Presencial,Tecnológico,Serviços,Gastronomia,4,121,106,87.60,10.74,2024,89.26,10.74,true
88161,2020,GESTÃO COMERCIAL,CENTRO UNIVERSITÁRIO DE VÁRZEA GRANDE,Privada,Presencial,Tecnológico,"Negócios, administração e direito",Gestão comercial,4,33,22,66.67,33.33,2024,66.67,33.33,true
88486,2020,ENGENHARIA DE PRODUÇÃO,FACULDADE ANHANGUERA DE CIÊNCIAS SOCIAIS APLICADAS DE SINOP,Privada,Presencial,Bacharelado,"Engenharia, produção e construção",Engenharia de produção,4,12,,75.00,25.00,2024,75.00,25.00,false
88488,2020,FARMÁCIA,FACULDADE ANHANGUERA DE CIÊNCIAS SOCIAIS APLICADAS DE SINOP,Privada,Presencial,Bacharelado,Saúde e bem-estar,Farmácia,4,22,20,90.91,4.55,2024,95.45,4.55,false
89778,2020,ARQUITETURA E URBANISMO,FACULDADE ANHANGUERA DE CIÊNCIAS SOCIAIS APLICADAS DE SINOP,Privada,Presencial,Bacharelado,"Engenharia, produção e construção",Arquitetura e urbanismo,4,46,35,76.09,13.04,2024,76.09,19.57,true
89780,2020,FISIOTERAPIA,FACULDADE ANHANGUERA DE CIÊNCIAS SOCIAIS APLICADAS DE SINOP,Privada,Presencial,Bacharelado,Saúde e bem-estar,Fisioterapia,4,35,27,77.14,11.43,2024,80.00,17.14,true
89824,2020,DIREITO,"FACULDADE ANHANGUERA DE CIÊNCIAS JURÍDICAS, GERENCIAIS E EDUCAÇÃO DE SINOP",Privada,Presencial,Bacharelado,"Negócios, administração e direito",Direito,4,160,109,68.13,13.13,2024,71.88,18.13,true
9,2020,AGRONOMIA,UNIVERSIDADE FEDERAL DE MATO GROSSO,Pública,Presencial,Bacharelado,"Agricultura, silvicultura, pesca e veterinária",Agronomia,4,76,13,17.11,0.00,2024,17.11,7.89,true
90004,2020,ENFERMAGEM,Universidade do Estado de Mato Grosso Carlos Alberto Reyes Maldonado - UNEMAT,Pública,Presencial,Bacharelado,Saúde e bem-estar,Enfermagem,4,36,19,52.78,0.00,2024,52.78,0.00,true
90361,2020,REDES DE COMPUTADORES,"INSTITUTO FEDERAL DE EDUCAÇÃO, CIÊNCIA E TECNOLOGIA DE MATO GROSSO",Pública,Presencial,Tecnológico,Computação e Tecnologias da Informação e Comunicação (TIC),Redes de computadores,4,30,,20.00,0.00,2024,66.67,10.00,true
91358,2020,FARMÁCIA,FACULDADE UNIBRAS DO MATO GROSSO,Privada,Presencial,Bacharelado,Saúde e bem-estar,Farmácia,4,19,,5.26,0.00,2024,10.53,42.11,false
91360,2020,ENFERMAGEM,FACULDADE UNIBRAS DO MATO GROSSO,Privada,Presencial,Bacharelado,Saúde e bem-estar,Enfermagem,4,21,,9.52,28.57,2024,19.05,42.86,false
91369,2020,DIREITO,FACULDADE CATÓLICA RAINHA DA PAZ DE ARAPUTANGA,Privada,Presencial,Bacharelado,"Negócios, administração e direito",Direito,4,59,,6.78,6.78,2024,8.47,54.24,true
91391,2020,DIREITO,Faculdade FASIPE,Privada,Presencial,Bacharelado,"Negócios, administração e direito",Direito,4,127,46,36.22,10.24,2024,46.46,44.88,true
92155,2020,DIREITO,FACULDADE ANHANGUERA DE RONDONÓPOLIS,Privada,Presencial,Bacharelado,"Negócios, administração e direito",Direito,4,102,101,99.02,0.98,2024,99.02,0.98,true
94331,2020,MÚSICA,UNIVERSIDADE FEDERAL DE MATO GROSSO,Pública,Presencial,Licenciatura,Educação,Música formação de professor,4,11,,9.09,0.00,2024,18.18,0.00,false
95405,2020,PSICOLOGIA,FACULDADE UNIBRAS DO MATO GROSSO,Privada,Presencial,Bacharelado,"Ciências sociais, comunicação e informação",Psicologia,4,19,,5.26,21.05,2024,5.26,52.63,false
96004,2020,DIREITO,FACULDADE CATÓLICA DE CUIABÁ,Privada,Presencial,Bacharelado,"Negócios, administração e direito",Direito,4,149,56,37.58,44.30,2024,44.30,54.36,true
96134,2020,ADMINISTRAÇÃO,UNIVERSIDADE DE CUIABÁ,Privada,Presencial,Bacharelado,"Negócios, administração e direito",Administração,4,47,45,95.74,0.00,2024,97.87,2.13,true
96415,2020,EDUCAÇÃO FÍSICA,Universidade do Estado de Mato Grosso Carlos Alberto Reyes Maldonado - UNEMAT,Pública,Presencial,Licenciatura,Educação,Educação física formação de professor,4,34,23,67.65,0.00,2024,67.65,5.88,true
96497,2020,AGRONOMIA,Universidade do Estado de Mato Grosso Carlos Alberto Reyes Maldonado - UNEMAT,Pública,Presencial,Bacharelado,"Agricultura, silvicultura, pesca e veterinária",Agronomia,4,38,17,44.74,2.63,2024,44.74,15.79,true
96633,2020,ENGENHARIA CIVIL,Universidade do Estado de Mato Grosso Carlos Alberto Reyes Maldonado - UNEMAT,Pública,Presencial,Bacharelado,"Engenharia, produção e construção",Engenharia civil,4,41,19,46.34,0.00,2024,48.78,9.76,true
