co_curso,no_curso,no_ies,rede,modalidade,grau_academico,no_cine_area_geral,nu_coortes,nu_ano_curso_marco,qt_ingressante,qt_desistencia_marco,taxa_desistencia_marco,nu_edicao_cpc,cpc_faixa,cpc_continuo,enade_continuo,idd_padronizado,doutores_padronizado,regime_trabalho_padronizado,infraestrutura_padronizado,didatico_pedagogica_padronizado,tem_cpc,is_elegivel_ranking
1,DIREITO,UNIVERSIDADE FEDERAL DE MATO GROSSO,Pública,Presencial,Bacharelado,"Negócios, administração e direito",2,4,198,11,5.56,2022,4,3.889424749,4.788,3.316529171,4.270833335,5,3.013874594,1.982800464,true,true
10,ENGENHARIA FLORESTAL,UNIVERSIDADE FEDERAL DE MATO GROSSO,Pública,Presencial,Bacharelado,"Agricultura, silvicultura, pesca e veterinária",2,4,159,31,19.50,2023,4,3.064,2.774,2.658,4.444,5,2.431,1.333,true,true
100010,EDUCAÇÃO FÍSICA,FACULDADE ANHANGUERA DE RONDONÓPOLIS,Privada,Presencial,Licenciatura,Educação,2,4,176,73,41.48,2021,3,2.56,1.499,2.043,3.846,5,2.351,1.75,true,true
100356,PEDAGOGIA,FACULDADE ANHANGUERA DE SORRISO,Privada,Presencial,Licenciatura,Educação,2,4,58,24,41.38,2021,3,2.41,1.461,,4.166,4.551,1.61,2.935,true,true
100358,PEDAGOGIA,CENTRO UNIVERSITÁRIO CATHEDRAL,Privada,Presencial,Licenciatura,Educação,2,4,82,27,32.93,2021,3,2.827,2.076,2.714,1.666,5,3.673,3.024,true,true
100763,MEDICINA VETERINÁRIA,UNIVERSIDADE FEDERAL DE MATO GROSSO,Pública,Presencial,Bacharelado,"Agricultura, silvicultura, pesca e veterinária",2,4,161,27,16.77,2023,4,3.08,3.358,3.173,3.693,5,1.2,1.378,true,true
100768,ENGENHARIA FLORESTAL,UNIVERSIDADE FEDERAL DE MATO GROSSO,Pública,Presencial,Bacharelado,"Agricultura, silvicultura, pesca e veterinária",2,4,103,28,27.18,2023,3,2.666,1.957,2.249,4.235,5,0.812,0.965,true,true
100770,ENFERMAGEM,UNIVERSIDADE FEDERAL DE MATO GROSSO,Pública,Presencial,Bacharelado,Saúde e bem-estar,2,4,71,12,16.90,2023,4,3.534,3.003,2.903,4.487,5,3.184,3.626,true,true
100772,ZOOTECNIA,UNIVERSIDADE FEDERAL DE MATO GROSSO,Pública,Presencial,Bacharelado,"Agricultura, silvicultura, pesca e veterinária",2,4,158,44,27.85,2023,3,2.85,2.188,2.907,3.477,5,0.501,2.216,true,true
100775,CIêNCIAS NATURAIS E MATEMáTICA - MATEMáTICA,UNIVERSIDADE FEDERAL DE MATO GROSSO,Pública,Presencial,Licenciatura,Educação,2,4,42,16,38.10,2021,4,3.045,2.655,2.258,3.5,5,3.734,2.248,true,true
100776,CIêNCIAS NATURAIS E MATEMáTICA - QUíMICA,UNIVERSIDADE FEDERAL DE MATO GROSSO,Pública,Presencial,Licenciatura,Educação,2,4,43,13,30.23,,,,,,,,,,false,true
100777,CIêNCIAS NATURAIS E MATEMáTICA - FíSICA,UNIVERSIDADE FEDERAL DE MATO GROSSO,Pública,Presencial,Licenciatura,Educação,2,4,28,,32.14,2021,4,3.191,2.51,3.2,3.541,5,2.061,1.788,true,false
100778,AGRONOMIA,UNIVERSIDADE FEDERAL DE MATO GROSSO,Pública,Presencial,Bacharelado,"Agricultura, silvicultura, pesca e veterinária",2,4,169,27,15.98,2023,3,2.822,2.822,1.7,4.221,5,2.092,2.032,true,true
100800,ENGENHARIA AGRÍCOLA E AMBIENTAL,Universidade Federal de Rondonópolis,Pública,Presencial,Bacharelado,"Agricultura, silvicultura, pesca e veterinária",2,4,146,33,22.60,,,,,,,,,,false,true
100802,ENGENHARIA MECÂNICA,Universidade Federal de Rondonópolis,Pública,Presencial,Bacharelado,"Engenharia, produção e construção",2,4,124,21,16.94,2023,3,2.601,2.434,2.227,3.378,5,1.588,0.875,true,true
100804,ENFERMAGEM,Universidade Federal de Rondonópolis,Pública,Presencial,Bacharelado,Saúde e bem-estar,2,4,59,11,18.64,2023,5,4.161,4.409,4.733,2.813,5,3.91,3.91,true,true
100880,PSICOLOGIA,FACULDADE ANHANGUERA DE RONDONÓPOLIS,Privada,Presencial,Bacharelado,"Ciências sociais, comunicação e informação",2,4,381,176,46.19,2022,3,2.282689566,1.1,1.648045491,3.64864865,4.839527027,2.359786986,2.348642883,true,true
100884,ADMINISTRAÇÃO,INSTITUTO DE ENSINO SUPERIOR DE MATO GROSSO,Privada,Presencial,Bacharelado,"Negócios, administração e direito",1,4,37,29,78.38,,,,,,,,,,false,true
100888,CIÊNCIAS CONTÁBEIS,INSTITUTO CUIABÁ DE ENSINO E CULTURA,Privada,Presencial,Bacharelado,"Negócios, administração e direito",1,4,17,17,100.00,,,,,,,,,,false,false
100920,ENGENHARIA DE ALIMENTOS,UNIVERSIDADE FEDERAL DE MATO GROSSO,Pública,Presencial,Bacharelado,"Engenharia, produção e construção",2,4,67,26,38.81,2023,3,2.607,1.142,1.65,4.102,5,3.289,2.804,true,true
100928,ENFERMAGEM,UNIVERSIDADE FEDERAL DE MATO GROSSO,Pública,Presencial,Bacharelado,Saúde e bem-estar,2,4,56,,16.07,2023,4,3.112,3.025,2.751,4,5,1.198,0.978,true,true
101054,LETRAS - LíNGUA E LITERATURAS DE LíNGUA INGLESA,Universidade Federal de Rondonópolis,Pública,Presencial,Licenciatura,Educação,2,4,38,10,26.32,2021,4,3.23,2.865,2.858,3.666,5,3.529,2.4,true,true
101098,SERVIÇO SOCIAL,CENTRO UNIVERSITÁRIO DE VÁRZEA GRANDE,Privada,Presencial,Bacharelado,Saúde e bem-estar,2,4,60,25,41.67,2022,4,3.536687104,2.398,2.965502919,3.75,5,4.749247254,4.70760234,true,true
101119,DIREITO,FACULDADE ANHANGUERA DE SORRISO,Privada,Presencial,Bacharelado,"Negócios, administração e direito",2,4,467,237,50.75,2022,3,2.529681309,1.928,2.20266006,3.42105263,4.60526316,1.331826471,2.132275133,true,true
101184,FÍSICA,UNIVERSIDADE FEDERAL DE MATO GROSSO,Pública,Presencial,Licenciatura,Educação,2,4,53,27,50.94,2021,3,2.857,2.109,2.323,4.166,5,2.346,1.919,true,true
101253,ENGENHARIA AMBIENTAL,UNIVERSIDADE DE CUIABÁ,Privada,Presencial,Bacharelado,"Engenharia, produção e construção",2,4,133,61,45.86,2023,3,2.472,1.288,1.55,4.483,5,0.702,2.539,true,true
101257,PILOTAGEM PROFISSIONAL DE AERONAVES,UNIVERSIDADE DE CUIABÁ,Privada,Presencial,Tecnológico,Serviços,1,4,65,27,41.54,,,,,,,,,,false,true
101749,ODONTOLOGIA,FACULDADE ANHANGUERA DE TANGARÁ DA SERRA,Privada,Presencial,Bacharelado,Saúde e bem-estar,2,4,139,54,38.85,2023,3,2.857,2.474,2.846,3.068,4.841,2.295,2.387,true,true
101818,GESTÃO DE RECURSOS HUMANOS,FACULDADE ANHANGUERA DE RONDONÓPOLIS,Privada,Presencial,Tecnológico,"Negócios, administração e direito",2,4,128,72,56.25,2022,SC,,0,0,4.642857145,4.82142857,0,0,true,true
102017,ENGENHARIA DE ALIMENTOS,CENTRO UNIVERSITÁRIO DE VÁRZEA GRANDE,Privada,Presencial,Bacharelado,"Engenharia, produção e construção",1,4,30,19,63.33,,,,,,,,,,false,true
102019,ENGENHARIA AMBIENTAL E SANITÁRIA,CENTRO UNIVERSITÁRIO DE VÁRZEA GRANDE,Privada,Presencial,Bacharelado,"Engenharia, produção e construção",1,4,64,47,73.44,2023,4,3.345,2.586,2.157,4.231,5,4.599,4.582,true,true
102021,ESTÉTICA E COSMÉTICA,CENTRO UNIVERSITÁRIO DE VÁRZEA GRANDE,Privada,Presencial,Tecnológico,Serviços,2,4,168,100,59.52,2023,5,4.456,4.412,4.583,3.438,4.625,4.967,4.948,true,true
102264,ANÁLISE E DESENVOLVIMENTO DE SISTEMAS,CENTRO UNIVERSITÁRIO DO VALE DO ARAGUAIA,Privada,Presencial,Tecnológico,Computação e Tecnologias da Informação e Comunicação (TIC),1,4,40,21,52.50,,,,,,,,,,false,true
102638,AGRONEGÓCIO,FACULDADE ANHANGUERA DE RONDONÓPOLIS,Privada,Presencial,Tecnológico,"Negócios, administração e direito",2,4,138,82,59.42,,,,,,,,,,false,true
104051,ENFERMAGEM,FACULDADE ANHANGUERA DE RONDONÓPOLIS,Privada,Presencial,Bacharelado,Saúde e bem-estar,2,4,276,148,53.62,2023,3,2.681,1.394,2.051,3.816,5,2.915,2.893,true,true
104498,SISTEMA DE INFORMAÇÃO,Centro Universitário Estácio do Pantanal,Privada,Presencial,Bacharelado,Computação e Tecnologias da Informação e Comunicação (TIC),2,4,41,17,41.46,2021,1,0.601,0.249,0.385,0,2.205,1.35,1.135,true,true
104530,ADMINISTRAÇÃO,Centro Universitário Estácio do Pantanal,Privada,Presencial,Bacharelado,"Negócios, administração e direito",2,4,107,35,32.71,2022,2,1.671594077,1.322,0.930035478,1.25,3.75,1.790796246,1.566037736,true,true
104684,DIREITO,FACULDADE DE DIREITO DE ALTA FLORESTA,Privada,Presencial,Bacharelado,"Negócios, administração e direito",2,4,133,33,24.81,2022,3,2.411912276,2.257,2.824197761,0,4.285714285,4.109122154,3.738425926,true,true
1051344,EDUCAÇÃO FÍSICA,CENTRO UNIVERSITÁRIO DO VALE DO ARAGUAIA,Privada,Presencial,Licenciatura,Educação,1,4,63,32,50.79,,,,,,,,,,false,true
1053580,ADMINISTRAÇÃO,FACULDADE DE MATO GROSSO,Privada,Presencial,Bacharelado,"Negócios, administração e direito",2,4,94,57,60.64,2022,3,2.784606128,1.501,1.866372803,4,5,3.836555513,3.943396226,true,true
1053581,GESTÃO DE RECURSOS HUMANOS,FACULDADE DE MATO GROSSO,Privada,Presencial,Tecnológico,"Negócios, administração e direito",2,4,80,60,75.00,,,,,,,,,,false,true
1055480,ESTÉTICA E COSMÉTICA,FACULDADE CENTRO MATO-GROSSENSE,Privada,Presencial,Tecnológico,Serviços,1,4,44,17,38.64,2023,SC,,,,0.417,2.5,,,true,true
105575,ENFERMAGEM,Universidade do Estado de Mato Grosso Carlos Alberto Reyes Maldonado - UNEMAT,Pública,Presencial,Bacharelado,Saúde e bem-estar,2,4,121,55,45.45,2023,4,3.217,2.782,3.405,1.892,5,3.215,3.604,true,true
1059435,PEDAGOGIA,FACULDADES EVANGÉLICAS INTEGRADAS CANTARES DE SALOMÃO,Privada,Presencial,Licenciatura,Educação,1,4,91,24,26.37,,,,,,,,,,false,true
105953,CIÊNCIA DA COMPUTAÇÃO,Centro Universitário Invest,Privada,Presencial,Bacharelado,Computação e Tecnologias da Informação e Comunicação (TIC),2,4,17,11,64.71,2021,3,2.016,1.107,2.317,1.111,0,4.263,4.227,true,false
106050,QUÍMICA,UNIVERSIDADE FEDERAL DE MATO GROSSO,Pública,Presencial,Licenciatura,Educação,2,4,59,23,38.98,2021,3,2.823,1.199,2.309,4.411,5,3.014,2.566,true,true
106052,EDUCAÇÃO FÍSICA,UNIVERSIDADE FEDERAL DE MATO GROSSO,Pública,Presencial,Licenciatura,Educação,2,4,91,23,25.27,2021,4,3.053,2.573,2.404,4.166,5,2.142,2.53,true,true
1069962,ENFERMAGEM,INSTITUTO CUIABÁ DE ENSINO E CULTURA,Privada,Presencial,Bacharelado,Saúde e bem-estar,2,4,107,73,68.22,2023,3,2.279,1.179,2.46,1.667,2.778,1.943,2.802,true,true
1069963,SERVIÇO SOCIAL,INSTITUTO CUIABÁ DE ENSINO E CULTURA,Privada,Presencial,Bacharelado,Saúde e bem-estar,1,4,57,29,50.88,,,,,,,,,,false,true
107088,DIREITO,AJES - FACULDADE DO VALE DO JURUENA,Privada,Presencial,Bacharelado,"Negócios, administração e direito",2,4,130,47,36.15,2022,3,1.961031695,1.667,2.225499624,0.833333335,2.5,1.585390595,1.9334283,true,true
1072168,ZOOTECNIA,CENTRO UNIVERSITÁRIO DO VALE DO ARAGUAIA,Privada,Presencial,Bacharelado,"Agricultura, silvicultura, pesca e veterinária",2,4,91,41,45.05,2023,3,2.695,1.881,2.787,0.929,2.667,5,4.938,true,true
1072452,TEOLOGIA,FACULDADES EVANGÉLICAS INTEGRADAS CANTARES DE SALOMÃO,Privada,Presencial,Bacharelado,Artes e humanidades,1,4,70,42,60.00,,,,,,,,,,false,true
1072620,ADMINISTRAÇÃO,FACULDADES EVANGÉLICAS INTEGRADAS CANTARES DE SALOMÃO,Privada,Presencial,Bacharelado,"Negócios, administração e direito",1,4,76,44,57.89,,,,,,,,,,false,true
107564,AGRONOMIA,FACULDADE CENTRO MATO-GROSSENSE,Privada,Presencial,Bacharelado,"Agricultura, silvicultura, pesca e veterinária",2,4,211,91,43.13,2023,2,1.62,1.455,1.044,1.703,2.582,2.1,1.254,true,true
107852,EDUCAÇÃO FÍSICA,FACULDADE CENTRO MATO-GROSSENSE,Privada,Presencial,Licenciatura,Educação,1,4,26,,34.62,2021,3,2.211,1.525,2.538,0.625,1.527,4.761,4.22,true,false
108441,ENFERMAGEM,Centro Universitário FASIPE,Privada,Presencial,Bacharelado,Saúde e bem-estar,2,4,58,21,36.21,2023,4,3.301,2.703,3.372,1.111,5,5,5,true,true
108443,BIOMEDICINA,Centro Universitário FASIPE,Privada,Presencial,Bacharelado,Saúde e bem-estar,2,4,70,26,37.14,2023,3,2.342,1.101,1.805,1.316,4.248,4.991,5,true,true
108694,ENGENHARIA CIVIL,FACULDADE ANHANGUERA DE RONDONÓPOLIS,Privada,Presencial,Bacharelado,"Engenharia, produção e construção",2,4,470,206,43.83,2023,3,2.712,1.47,2.437,3.415,4.024,3.494,3.078,true,true
108710,ENFERMAGEM,CENTRO UNIVERSITÁRIO DO VALE DO ARAGUAIA,Privada,Presencial,Bacharelado,Saúde e bem-estar,2,4,109,47,43.12,2023,4,3.061,2.426,3.301,1,4.111,5,5,true,true
108756,CIÊNCIAS CONTÁBEIS,INSTITUTO DE ENSINO SUPERIOR DE CUIABÁ,Privada,Presencial,Bacharelado,"Negócios, administração e direito",2,4,104,65,62.50,2022,3,2.384462894,0.954,1.340574965,3.57142857,5,3.683196639,3.140955831,true,true
109227,EDUCAÇÃO FÍSICA,Centro Universitário FASIPE,Privada,Presencial,Licenciatura,Educação,1,4,10,,50.00,2021,SC,,,,0.909,5,,,true,false
109282,FARMÁCIA,FACULDADE DE COLIDER,Privada,Presencial,Bacharelado,Saúde e bem-estar,2,4,41,10,24.39,2023,2,1.431,1.076,1.294,0,1.667,3.493,3.209,true,true
109307,CIÊNCIAS CONTÁBEIS,FACULDADE ANHANGUERA DE SORRISO,Privada,Presencial,Bacharelado,"Negócios, administração e direito",2,4,228,95,41.67,2022,3,2.684974465,1.817,1.9422044,3.970588235,4.26470588,2.85730576,2.808714717,true,true
109543,BIOMEDICINA,FACULDADE ANHANGUERA DE CIÊNCIAS SOCIAIS APLICADAS DE SINOP,Privada,Presencial,Bacharelado,Saúde e bem-estar,2,4,134,65,48.51,2023,3,2.296,1.042,,4.063,4.107,3.079,3.38,true,true
1101170,ENFERMAGEM,AJES - FACULDADE DO VALE DO JURUENA,Privada,Presencial,Bacharelado,Saúde e bem-estar,2,4,44,12,27.27,2023,3,2.031,0.752,2.571,1.25,0.417,3.713,4.767,true,true
1103426,GEOGRAFIA,UNIVERSIDADE FEDERAL DE MATO GROSSO,Pública,Presencial,Licenciatura,Educação,2,4,116,36,31.03,2021,3,2.936,2.433,1.81,4.673,5,2.69,2.263,true,true
1103701,CIÊNCIAS SOCIAIS,UNIVERSIDADE FEDERAL DE MATO GROSSO,Pública,Presencial,Licenciatura,Educação,2,4,65,19,29.23,2021,3,2.939,3.144,1.948,4.193,5,1.808,2.399,true,true
1103708,FILOSOFIA,UNIVERSIDADE FEDERAL DE MATO GROSSO,Pública,Presencial,Licenciatura,Educação,2,4,105,36,34.29,2021,4,2.98,1.998,2.144,5,5,2.404,1.937,true,true
1103709,FILOSOFIA,UNIVERSIDADE FEDERAL DE MATO GROSSO,Pública,Presencial,Bacharelado,Artes e humanidades,2,4,57,20,35.09,2021,4,3.269,3.22,2.162,5,5,1.484,2.945,true,true
1103710,HISTÓRIA,UNIVERSIDADE FEDERAL DE MATO GROSSO,Pública,Presencial,Licenciatura,Educação,2,4,201,58,28.86,2021,4,3.253,2.717,2.621,4.545,5,2.489,2.702,true,true
1103711,QUÍMICA,UNIVERSIDADE FEDERAL DE MATO GROSSO,Pública,Presencial,Licenciatura,Educação,2,4,103,45,43.69,2021,4,3.439,2.651,3.199,4.117,5,2.666,2.772,true,true
1103712,QUÍMICA,UNIVERSIDADE FEDERAL DE MATO GROSSO,Pública,Presencial,Bacharelado,"Ciências naturais, matemática e estatística",2,4,99,26,26.26,2021,3,2.559,1.033,1.98,4.103,5,1.185,2.475,true,true
1103742,CIÊNCIAS SOCIAIS,UNIVERSIDADE FEDERAL DE MATO GROSSO,Pública,Presencial,Bacharelado,"Ciências sociais, comunicação e informação",2,4,62,28,45.16,2021,3,2.829,1.973,2.164,4.488,5,1.926,2.353,true,true
1105676,GESTÃO DA TECNOLOGIA DA INFORMAÇÃO,CENTRO UNIVERSITÁRIO LA SALLE,Privada,Presencial,Tecnológico,Computação e Tecnologias da Informação e Comunicação (TIC),2,4,45,21,46.67,2021,3,2.019,1.222,2.649,1,3.937,1.642,1.324,true,true
1105780,PEDAGOGIA,CENTRO UNIVERSITÁRIO LA SALLE,Privada,Presencial,Licenciatura,Educação,2,4,49,22,44.90,2021,3,2.697,2.131,2.85,1,3.923,4.505,4.596,true,true
1106707,ENGENHARIA CIVIL,UNIVERSIDADE DE CUIABÁ,Privada,Presencial,Bacharelado,"Engenharia, produção e construção",2,4,637,359,56.36,2023,3,2.079,1.404,0.882,3.69,4.841,1.646,2.152,true,true
1108073,GESTÃO DE RECURSOS HUMANOS,CENTRO UNIVERSITÁRIO UNIC,Privada,Presencial,Tecnológico,"Negócios, administração e direito",2,4,155,89,57.42,2022,SC,,0,0,5,5,0,0,true,true
1108215,MARKETING,Faculdade Faipe,Privada,Presencial,Tecnológico,"Negócios, administração e direito",2,4,52,11,21.15,,,,,,,,,,false,true
110842,GESTÃO AMBIENTAL,"INSTITUTO FEDERAL DE EDUCAÇÃO, CIÊNCIA E TECNOLOGIA DE MATO GROSSO",Pública,Presencial,Tecnológico,"Engenharia, produção e construção",2,4,107,43,40.19,2023,3,2.547,2.344,1.947,2.206,5,3.966,3.835,true,true
1108440,PEDAGOGIA,FACULDADE ANHANGUERA DE PRIMAVERA DO LESTE,Privada,Presencial,Licenciatura,Educação,2,4,43,27,62.79,2021,4,3.037,1.764,2.739,4,4.784,3.979,2.645,true,true
1111393,SECRETARIADO EXECUTIVO,"INSTITUTO FEDERAL DE EDUCAÇÃO, CIÊNCIA E TECNOLOGIA DE MATO GROSSO",Pública,Presencial,Bacharelado,"Negócios, administração e direito",2,4,97,25,25.77,2022,2,1.676375369,1.848,0.499142149,0.806451615,5,3.995636412,4.299660442,true,true
1116939,ENGENHARIA ELÉTRICA,UNIVERSIDADE DE CUIABÁ,Privada,Presencial,Bacharelado,"Engenharia, produção e construção",2,4,264,134,50.76,2023,2,1.669,0.537,,3.421,4.774,2.611,2.143,true,true
1117810,ENGENHARIA DE PRODUÇÃO,FACULDADE ANHANGUERA DE RONDONÓPOLIS,Privada,Presencial,Bacharelado,"Engenharia, produção e construção",2,4,80,46,57.50,2023,SC,,,,4.643,5,,,true,true
1117811,CIÊNCIAS DA COMPUTAÇÃO,FACULDADE ANHANGUERA DE RONDONÓPOLIS,Privada,Presencial,Bacharelado,Computação e Tecnologias da Informação e Comunicação (TIC),1,4,56,24,42.86,,,,,,,,,,false,true
111910,FISIOTERAPIA,CENTRO UNIVERSITÁRIO DO VALE DO ARAGUAIA,Privada,Presencial,Bacharelado,Saúde e bem-estar,2,4,90,33,36.67,2023,4,3.202,3.003,2.926,1.364,5,5,5,true,true
1120548,SERVIÇO SOCIAL,UNIVERSIDADE DE CUIABÁ,Privada,Presencial,Bacharelado,Saúde e bem-estar,2,4,127,55,43.31,2022,4,3.316318923,1.864,2.591626447,4.642857145,4.788961037,3.403350883,4.756778309,true,true
1121415,AGRONOMIA,"INSTITUTO FEDERAL DE EDUCAÇÃO, CIÊNCIA E TECNOLOGIA DE MATO GROSSO",Pública,Presencial,Bacharelado,"Agricultura, silvicultura, pesca e veterinária",2,4,83,20,24.10,2023,3,2.48,2.694,2.013,1.429,5,4.29,4.375,true,true
1122361,TEOLOGIA,FACULDADE CATÓLICA DE MATO GROSSO,Privada,Presencial,Bacharelado,Artes e humanidades,2,4,34,13,38.24,2022,2,1.479146462,1.104,0,1,3,1.34352781,0.685125685,true,true
1122942,EDUCAÇÃO FÍSICA,CENTRO UNIVERSITÁRIO DE VÁRZEA GRANDE,Privada,Presencial,Bacharelado,Saúde e bem-estar,2,4,267,145,54.31,2021,5,4.123,3.668,3.97,3.75,5,4.678,4.521,true,true
1122943,ENGENHARIA CIVIL,CENTRO UNIVERSITÁRIO DE VÁRZEA GRANDE,Privada,Presencial,Bacharelado,"Engenharia, produção e construção",2,4,631,371,58.80,2023,4,3.227,2.036,2.074,4.286,4.524,4.949,4.902,true,true
1123170,EDUCAÇÃO FÍSICA,FACULDADE AJES,Privada,Presencial,Licenciatura,Educação,1,4,23,10,43.48,,,,,,,,,,false,false
1127343,ADMINISTRAÇÃO,Universidade Federal de Rondonópolis,Pública,Presencial,Bacharelado,"Negócios, administração e direito",2,4,170,44,25.88,2022,4,3.077629046,2.903,3.335941184,2.12121212,5,2.328331785,3.025449758,true,true
112770,ENGENHARIA SANITARIA E AMBIENTAL,UNIVERSIDADE FEDERAL DE MATO GROSSO,Pública,Presencial,Bacharelado,"Engenharia, produção e construção",2,4,124,26,20.97,2023,3,2.814,2.604,2.311,3.559,5,2.137,1.857,true,true
1128077,SISTEMAS DE INFORMAÇÃO,Universidade Federal de Rondonópolis,Pública,Presencial,Bacharelado,Computação e Tecnologias da Informação e Comunicação (TIC),2,4,135,37,27.41,2021,3,2.481,1.844,2.284,2.8,5,1.542,1.682,true,true
112846,CIÊNCIA DA COMPUTAÇÃO,UNIVERSIDADE FEDERAL DE MATO GROSSO,Pública,Presencial,Bacharelado,Computação e Tecnologias da Informação e Comunicação (TIC),2,4,75,27,36.00,2021,4,3.163,2.625,2.959,3.571,5,2.557,2.315,true,true
1128666,EDUCAÇÃO FÍSICA,CENTRO UNIVERSITÁRIO LA SALLE,Privada,Presencial,Licenciatura,Educação,2,4,99,57,57.58,2021,3,2.655,2.158,2.381,1.25,5,4.513,3.716,true,true
113118,CIÊNCIAS CONTÁBEIS,FACULDADE DE GUARANTÃ DO NORTE,Privada,Presencial,Bacharelado,"Negócios, administração e direito",2,4,127,34,26.77,,,,,,,,,,false,true
1132433,MEDICINA VETERINÁRIA,CENTRO UNIVERSITÁRIO DO VALE DO ARAGUAIA,Privada,Presencial,Bacharelado,"Agricultura, silvicultura, pesca e veterinária",2,4,134,48,35.82,2023,3,2.002,1.46,1.938,2.222,3.802,1.57,1.42,true,true
1134353,AGRONOMIA,CENTRO UNIVERSITÁRIO DO VALE DO ARAGUAIA,Privada,Presencial,Bacharelado,"Agricultura, silvicultura, pesca e veterinária",2,4,89,36,40.45,2023,4,3.064,2.836,3.306,1.534,3.613,4.371,3.97,true,true
113529,ENGENHARIA DE ALIMENTOS,Universidade do Estado de Mato Grosso Carlos Alberto Reyes Maldonado - UNEMAT,Pública,Presencial,Bacharelado,"Engenharia, produção e construção",2,4,72,50,69.44,2023,3,2.104,0.382,2.618,0.294,5,2.977,3.126,true,true
113555,CIÊNCIAS CONTÁBEIS,Universidade do Estado de Mato Grosso Carlos Alberto Reyes Maldonado - UNEMAT,Pública,Presencial,Bacharelado,"Negócios, administração e direito",2,4,126,60,47.62,2022,4,2.968230787,2.506,3.017380643,1.315789475,5,3.419586739,3.849319448,true,true
113559,AGRONOMIA,Universidade do Estado de Mato Grosso Carlos Alberto Reyes Maldonado - UNEMAT,Pública,Presencial,Bacharelado,"Agricultura, silvicultura, pesca e veterinária",2,4,122,45,36.89,2023,3,2.806,2.075,1.82,4.068,5,2.94,2.405,true,true
1135688,ENGENHARIA CIVIL,INSTITUTO DE ENSINO SUPERIOR DE CUIABÁ,Privada,Presencial,Bacharelado,"Engenharia, produção e construção",2,4,339,217,64.01,2023,2,1.839,1,1.919,0,5,2.642,2.875,true,true
1135690,ENGENHARIA DE CONTROLE E AUTOMAÇÃO,INSTITUTO DE ENSINO SUPERIOR DE CUIABÁ,Privada,Presencial,Bacharelado,"Engenharia, produção e construção",2,4,63,46,73.02,2023,2,1.63,0.358,1.391,1,5,2.739,2.631,true,true
1135691,ENGENHARIA MECÂNICA,INSTITUTO DE ENSINO SUPERIOR DE CUIABÁ,Privada,Presencial,Bacharelado,"Engenharia, produção e construção",2,4,131,67,51.15,2023,SC,,,,0,5,,,true,true
1135692,ENGENHARIA DE PRODUÇÃO,INSTITUTO DE ENSINO SUPERIOR DE CUIABÁ,Privada,Presencial,Bacharelado,"Engenharia, produção e construção",2,4,64,37,57.81,,,,,,,,,,false,true
113750,ENGENHARIA DE PRODUÇÃO,UNIVERSIDADE DE CUIABÁ,Privada,Presencial,Bacharelado,"Engenharia, produção e construção",2,4,136,64,47.06,2023,SC,,,,4.643,5,,,true,true
1142097,GEOGRAFIA,UNIVERSIDADE FEDERAL DE MATO GROSSO,Pública,Presencial,Licenciatura,Educação,1,4,25,16,64.00,,,,,,,,,,false,false
114388,MATEMÁTICA,"INSTITUTO FEDERAL DE EDUCAÇÃO, CIÊNCIA E TECNOLOGIA DE MATO GROSSO",Pública,Presencial,Licenciatura,Educação,2,4,47,22,46.81,2021,3,2.359,1.663,3.066,0,5,3.603,3.886,true,true
115023,ZOOTECNIA,"INSTITUTO FEDERAL DE EDUCAÇÃO, CIÊNCIA E TECNOLOGIA DE MATO GROSSO",Pública,Presencial,Bacharelado,"Agricultura, silvicultura, pesca e veterinária",2,4,64,18,28.13,2023,3,2.111,1.216,2.107,1.268,5,3.358,3.129,true,true
115058,ESTÉTICA E COSMÉTICA,UNIVERSIDADE DE CUIABÁ,Privada,Presencial,Tecnológico,Serviços,2,4,292,162,55.48,2023,4,3.475,2.322,2.853,4,5,4.567,4.66,true,true
1153376,ENGENHARIA DE PRODUÇÃO,CENTRO UNIVERSITÁRIO DE VÁRZEA GRANDE,Privada,Presencial,Bacharelado,"Engenharia, produção e construção",2,4,57,40,70.18,2023,4,2.966,0.635,2.236,4.375,4.196,5,4.512,true,true
1154115,CONSTRUÇÃO DE EDIFÍCIOS,"INSTITUTO FEDERAL DE EDUCAÇÃO, CIÊNCIA E TECNOLOGIA DE MATO GROSSO",Pública,Presencial,Tecnológico,"Engenharia, produção e construção",2,4,72,35,48.61,,,,,,,,,,false,true
1154375,AGRONOMIA,"INSTITUTO FEDERAL DE EDUCAÇÃO, CIÊNCIA E TECNOLOGIA DE MATO GROSSO",Pública,Presencial,Bacharelado,"Agricultura, silvicultura, pesca e veterinária",2,4,83,,4.82,2023,2,1.906,2.016,1.866,1.23,5,2.152,1.57,true,true
1159064,GESTÃO DA TECNOLOGIA DA INFORMAÇÃO,FACULDADE CATÓLICA RAINHA DA PAZ DE ARAPUTANGA,Privada,Presencial,Tecnológico,Computação e Tecnologias da Informação e Comunicação (TIC),2,4,38,,7.89,,,,,,,,,,false,true
1159986,FARMÁCIA,Centro Universitário Estácio do Pantanal,Privada,Presencial,Bacharelado,Saúde e bem-estar,2,4,66,19,28.79,2023,SC,,,,3.333,2.778,,,true,true
1160215,ENGENHARIA DE ALIMENTOS,"INSTITUTO FEDERAL DE EDUCAÇÃO, CIÊNCIA E TECNOLOGIA DE MATO GROSSO",Pública,Presencial,Bacharelado,"Engenharia, produção e construção",2,4,102,57,55.88,2023,2,1.94,0.76,1.999,1.463,5,3.294,3.136,true,true
1160216,ENGENHARIA FLORESTAL,"INSTITUTO FEDERAL DE EDUCAÇÃO, CIÊNCIA E TECNOLOGIA DE MATO GROSSO",Pública,Presencial,Bacharelado,"Agricultura, silvicultura, pesca e veterinária",2,4,96,32,33.33,2023,2,1.407,0.643,0.447,1.827,5,3.092,3.419,true,true
1160424,MATEMÁTICA,"INSTITUTO FEDERAL DE EDUCAÇÃO, CIÊNCIA E TECNOLOGIA DE MATO GROSSO",Pública,Presencial,Licenciatura,Educação,2,4,56,25,44.64,2021,3,1.984,1.971,1.964,0,5,3.645,3.442,true,true
1160425,CIÊNCIAS BIOLÓGICAS,"INSTITUTO FEDERAL DE EDUCAÇÃO, CIÊNCIA E TECNOLOGIA DE MATO GROSSO",Pública,Presencial,Licenciatura,Educação,2,4,57,,14.04,2021,3,2.136,1.933,2.222,0,5,4.051,3.898,true,true
1160759,CIêNCIAS DA NATUREZA - QUíMICA,"INSTITUTO FEDERAL DE EDUCAÇÃO, CIÊNCIA E TECNOLOGIA DE MATO GROSSO",Pública,Presencial,Licenciatura,Educação,2,4,35,,11.43,2021,2,1.706,0.751,2.056,0,5,3.322,2.831,true,true
1161561,CIÊNCIAS CONTÁBEIS,Centro Universitário Estácio do Pantanal,Privada,Presencial,Bacharelado,"Negócios, administração e direito",2,4,81,27,33.33,2022,3,2.483919245,1.487,1.646034459,2.5,3.75,4.27166788,3.685667306,true,true
116428,ENFERMAGEM,FACULDADE ANHANGUERA DE SORRISO,Privada,Presencial,Bacharelado,Saúde e bem-estar,2,4,178,88,49.44,2023,2,1.807,0.493,0.862,3.553,4.298,1.7,2.307,true,true
116550,CIÊNCIA E TECNOLOGIA DE ALIMENTOS,UNIVERSIDADE FEDERAL DE MATO GROSSO,Pública,Presencial,Bacharelado,"Engenharia, produção e construção",2,4,120,34,28.33,,,,,,,,,,false,true
116560,GEOGRAFIA,UNIVERSIDADE FEDERAL DE MATO GROSSO,Pública,Presencial,Bacharelado,"Ciências sociais, comunicação e informação",2,4,108,28,25.93,2021,3,2.873,1.282,1.778,5,5,2.637,3.628,true,true
1166445,AGRONEGÓCIO,CENTRO UNIVERSITÁRIO LA SALLE,Privada,Presencial,Tecnológico,"Negócios, administração e direito",2,4,100,60,60.00,2023,3,2.535,3.213,2.159,1,3.636,2.867,1.665,true,true
116648,BIOMEDICINA,UNIVERSIDADE FEDERAL DE MATO GROSSO,Pública,Presencial,Bacharelado,Saúde e bem-estar,2,4,66,11,16.67,2023,4,3.231,2.647,1.881,5,5,3.414,3.643,true,true
116662,AGRONOMIA,UNIVERSIDADE FEDERAL DE MATO GROSSO,Pública,Presencial,Bacharelado,"Agricultura, silvicultura, pesca e veterinária",2,4,85,10,11.76,2023,4,2.99,2.834,1.723,4.235,5,2.442,3.11,true,true
116690,GEOGRAFIA,UNIVERSIDADE FEDERAL DE MATO GROSSO,Pública,Presencial,Licenciatura,Educação,2,4,79,30,37.97,2021,3,2.542,1.731,1.956,3.684,5,2.072,1.841,true,true
116708,JORNALISMO,UNIVERSIDADE FEDERAL DE MATO GROSSO,Pública,Presencial,Bacharelado,"Ciências sociais, comunicação e informação",2,4,73,24,32.88,2022,4,3.454709139,3.037,2.990154196,3.57142857,5,3.579867663,3.944225662,true,true
116720,FARMÁCIA,UNIVERSIDADE FEDERAL DE MATO GROSSO,Pública,Presencial,Bacharelado,Saúde e bem-estar,2,4,117,32,27.35,2023,4,3.757,3.105,3.363,4.459,5,3.746,3.682,true,true
116736,ENGENHARIA AGRÍCOLA E AMBIENTAL,UNIVERSIDADE FEDERAL DE MATO GROSSO,Pública,Presencial,Bacharelado,"Agricultura, silvicultura, pesca e veterinária",2,4,131,41,31.30,,,,,,,,,,false,true
1168174,BIOCOMBUSTÍVEIS,"INSTITUTO FEDERAL DE EDUCAÇÃO, CIÊNCIA E TECNOLOGIA DE MATO GROSSO",Pública,Presencial,Tecnológico,"Engenharia, produção e construção",1,4,41,23,56.10,,,,,,,,,,false,true
1168436,GEOPROCESSAMENTO,"INSTITUTO FEDERAL DE EDUCAÇÃO, CIÊNCIA E TECNOLOGIA DE MATO GROSSO",Pública,Presencial,Tecnológico,"Ciências naturais, matemática e estatística",2,4,58,29,50.00,,,,,,,,,,false,true
1168453,AGRONOMIA,"INSTITUTO FEDERAL DE EDUCAÇÃO, CIÊNCIA E TECNOLOGIA DE MATO GROSSO",Pública,Presencial,Bacharelado,"Agricultura, silvicultura, pesca e veterinária",2,4,76,23,30.26,2023,3,2.026,2.039,1.477,1.577,5,3.708,2.986,true,true
1168548,CIÊNCIAS DA NATUREZA,"INSTITUTO FEDERAL DE EDUCAÇÃO, CIÊNCIA E TECNOLOGIA DE MATO GROSSO",Pública,Presencial,Licenciatura,Educação,1,4,85,43,50.59,,,,,,,,,,false,true
1168551,EDUCAÇÃO FÍSICA,UNIVERSIDADE FEDERAL DE MATO GROSSO,Pública,Presencial,Bacharelado,Saúde e bem-estar,2,4,93,14,15.05,2021,4,3.215,3.185,2.277,4.375,5,2.611,2.091,true,true
117004,PSICOLOGIA,UNIVERSIDADE FEDERAL DE MATO GROSSO,Pública,Presencial,Bacharelado,"Ciências sociais, comunicação e informação",2,4,176,21,11.93,2022,4,3.197245272,3.628,2.647213828,3.625,5,1.96700329,2.224724428,true,true
1171800,ENFERMAGEM,Faculdade do Norte de Mato Grosso,Privada,Presencial,Bacharelado,Saúde e bem-estar,2,4,37,16,43.24,2023,3,2.368,1.826,,1.25,5,4.02,4.927,true,true
1172032,CIÊNCIAS CONTÁBEIS,Faculdade do Norte de Mato Grosso,Privada,Presencial,Bacharelado,"Negócios, administração e direito",1,4,13,13,100.00,2022,SC,,0,0,1.666666665,2.5,0,0,true,false
117242,BIOMEDICINA,FACULDADE CATÓLICA DE CUIABÁ,Privada,Presencial,Bacharelado,Saúde e bem-estar,2,4,101,34,33.66,2023,2,1.601,0.53,1.512,0.5,2.857,2.409,2.974,true,true
117488,PSICOLOGIA,Centro Universitário Estácio do Pantanal,Privada,Presencial,Bacharelado,"Ciências sociais, comunicação e informação",2,4,110,36,32.73,2022,2,1.791610365,1.346,2.139367757,0.833333335,2.526041664,2.640201553,2.356164186,true,true
117604,PSICOLOGIA,FACULDADE CATÓLICA DE CUIABÁ,Privada,Presencial,Bacharelado,"Ciências sociais, comunicação e informação",2,4,147,59,40.14,2022,2,1.719797486,0.285,1.549571761,0,4.2578125,2.599789745,3.299010311,true,true
117758,ADMINISTRAÇÃO,FACULDADE DE CIÊNCIAS SOCIAIS APLICADAS E DE TECNOLOGIAS DE AGUA BOA,Privada,Presencial,Bacharelado,"Negócios, administração e direito",1,4,29,12,41.38,,,,,,,,,,false,false
118002,SISTEMAS DE INFORMAÇÃO,UNIVERSIDADE FEDERAL DE MATO GROSSO,Pública,Presencial,Bacharelado,Computação e Tecnologias da Informação e Comunicação (TIC),2,4,95,14,14.74,2021,4,3.043,2.983,1.796,4.464,5,2.627,2.563,true,true
1182266,PSICOLOGIA,FACULDADE ANHANGUERA DE TANGARÁ DA SERRA,Privada,Presencial,Bacharelado,"Ciências sociais, comunicação e informação",1,4,69,52,75.36,2022,3,2.212262698,0.615,1.471411928,4.09090909,4.460227272,3.079964549,2.316233121,true,true
1182767,NUTRIÇÃO,Centro Universitário FASIPE,Privada,Presencial,Bacharelado,Saúde e bem-estar,2,4,109,27,24.77,2023,3,2.916,2.718,2.298,0.938,5,5,5,true,true
1182802,ODONTOLOGIA,CENTRO UNIVERSITÁRIO DO VALE DO ARAGUAIA,Privada,Presencial,Bacharelado,Saúde e bem-estar,2,4,113,27,23.89,2023,3,2.254,1.484,2.412,1.053,3.526,3.546,3.616,true,true
1182944,ENGENHARIA DE PRODUÇÃO,FACULDADE ANHANGUERA DE RONDONÓPOLIS,Privada,Presencial,Bacharelado,"Engenharia, produção e construção",1,4,96,50,52.08,,,,,,,,,,false,true
1182945,ENGENHARIA CIVIL,FACULDADE ANHANGUERA DE RONDONÓPOLIS,Privada,Presencial,Bacharelado,"Engenharia, produção e construção",2,4,209,73,34.93,,,,,,,,,,false,true
1182999,ESTÉTICA E COSMÉTICA,Centro Universitário FASIPE,Privada,Presencial,Bacharelado,Serviços,2,4,84,36,42.86,,,,,,,,,,false,true
1183196,ENGENHARIA CIVIL,FACULDADE ANHANGUERA DE PRIMAVERA DO LESTE,Privada,Presencial,Bacharelado,"Engenharia, produção e construção",2,4,208,104,50.00,2023,3,2.257,1.513,1.77,3.611,3.704,2.75,1.912,true,true
118380,EDUCAÇÃO FÍSICA,UNIVERSIDADE DE CUIABÁ,Privada,Presencial,Bacharelado,Saúde e bem-estar,2,4,293,166,56.66,2021,3,2.811,1.388,2.308,3.333,4.841,3.725,3.642,true,true
1184754,ODONTOLOGIA,Centro Universitário FASIPE,Privada,Presencial,Bacharelado,Saúde e bem-estar,2,4,209,39,18.66,2023,3,2.245,1.81,2.019,1,4.16,3.525,3.767,true,true
1185136,ANÁLISE E DESENVOLVIMENTO DE SISTEMAS,FACULDADES EVANGÉLICAS INTEGRADAS CANTARES DE SALOMÃO,Privada,Presencial,Tecnológico,Computação e Tecnologias da Informação e Comunicação (TIC),1,4,48,37,77.08,,,,,,,,,,false,true
1185732,GEOGRAFIA,Universidade do Estado de Mato Grosso Carlos Alberto Reyes Maldonado - UNEMAT,Pública,Presencial,Licenciatura,Educação,2,4,117,80,68.38,2021,3,2.473,3.017,1.841,1.538,5,1.546,1.849,true,true
1185747,GESTÃO DE RECURSOS HUMANOS,Faculdade Faipe,Privada,Presencial,Tecnológico,"Negócios, administração e direito",2,4,43,,13.95,,,,,,,,,,false,true
1185850,ENGENHARIA CIVIL,FACULDADE METODISTA CONEXIONAL,Privada,Presencial,Bacharelado,"Engenharia, produção e construção",1,4,23,,26.09,2023,2,1.104,1.096,0.957,1.25,0,2.366,2.537,true,false
1185902,ADMINISTRAÇÃO,Universidade do Estado de Mato Grosso Carlos Alberto Reyes Maldonado - UNEMAT,Pública,Presencial,Bacharelado,"Negócios, administração e direito",2,4,130,59,45.38,2022,3,2.216186569,1.647,1.571080137,1.470588235,5,2.634219162,2.916405528,true,true
1185942,PSICOLOGIA,CENTRO UNIVERSITÁRIO DO VALE DO ARAGUAIA,Privada,Presencial,Bacharelado,"Ciências sociais, comunicação e informação",2,4,105,39,37.14,2022,3,2.222270108,1.418,3.467300058,0,4.2578125,2.86646757,2.711550664,true,true
118659,FARMÁCIA,CENTRO UNIVERSITÁRIO DO VALE DO ARAGUAIA,Privada,Presencial,Bacharelado,Saúde e bem-estar,2,4,99,38,38.38,2023,3,2.887,1.736,3.061,1.538,4.487,4.966,4.864,true,true
118762,EDUCAÇÃO FÍSICA,FACULDADE CATÓLICA DE CUIABÁ,Privada,Presencial,Licenciatura,Educação,2,4,80,37,46.25,2021,2,1.274,1.751,1.459,0,0.555,0.936,0.879,true,true
118764,ENFERMAGEM,FACULDADE CATÓLICA DE CUIABÁ,Privada,Presencial,Bacharelado,Saúde e bem-estar,2,4,137,47,34.31,2023,2,1.537,0.712,0.766,0.909,3.182,2.605,3.214,true,true
1188463,ENGENHARIA ELÉTRICA,Universidade do Estado de Mato Grosso Carlos Alberto Reyes Maldonado - UNEMAT,Pública,Presencial,Bacharelado,"Engenharia, produção e construção",2,4,117,51,43.59,2023,3,2.48,1.787,1.887,2.283,5,2.442,2.561,true,true
1188508,ENGENHARIA DE CONTROLE E AUTOMAÇÃO,"INSTITUTO FEDERAL DE EDUCAÇÃO, CIÊNCIA E TECNOLOGIA DE MATO GROSSO",Pública,Presencial,Bacharelado,"Engenharia, produção e construção",2,4,87,32,36.78,2023,3,1.949,1.715,1.365,1.863,5,2.927,2.609,true,true
1188509,ENGENHARIA DE COMPUTAÇÃO,"INSTITUTO FEDERAL DE EDUCAÇÃO, CIÊNCIA E TECNOLOGIA DE MATO GROSSO",Pública,Presencial,Bacharelado,"Engenharia, produção e construção",2,4,68,24,35.29,2023,3,2.297,1.572,2.082,1.979,5,2.878,2.798,true,true
118852,ENFERMAGEM,FACULDADE ANHANGUERA DE PRIMAVERA DO LESTE,Privada,Presencial,Bacharelado,Saúde e bem-estar,2,4,132,77,58.33,2023,3,1.965,0.782,1.538,3.25,4.333,1.879,1.498,true,true
1188548,GESTÃO AMBIENTAL,"INSTITUTO FEDERAL DE EDUCAÇÃO, CIÊNCIA E TECNOLOGIA DE MATO GROSSO",Pública,Presencial,Tecnológico,"Engenharia, produção e construção",2,4,59,22,37.29,2023,2,1.919,1.862,1.735,0.625,5,2.625,3.465,true,true
1188549,PRODUÇÃO DE GRÃOS,"INSTITUTO FEDERAL DE EDUCAÇÃO, CIÊNCIA E TECNOLOGIA DE MATO GROSSO",Pública,Presencial,Tecnológico,"Agricultura, silvicultura, pesca e veterinária",2,4,52,11,21.15,,,,,,,,,,false,true
1188550,ANÁLISE E DESENVOLVIMENTO DE SISTEMAS,"INSTITUTO FEDERAL DE EDUCAÇÃO, CIÊNCIA E TECNOLOGIA DE MATO GROSSO",Pública,Presencial,Tecnológico,Computação e Tecnologias da Informação e Comunicação (TIC),2,4,62,24,38.71,2021,3,2.822,2.251,3.851,0,5,4.575,4.159,true,true
1188616,COMÉRCIO EXTERIOR,"INSTITUTO FEDERAL DE EDUCAÇÃO, CIÊNCIA E TECNOLOGIA DE MATO GROSSO",Pública,Presencial,Tecnológico,"Negócios, administração e direito",1,4,36,22,61.11,2022,2,1.000906496,0.202,0,0,5,3.910236139,3.953287198,true,true
1188620,REDES DE COMPUTADORES,"INSTITUTO FEDERAL DE EDUCAÇÃO, CIÊNCIA E TECNOLOGIA DE MATO GROSSO",Pública,Presencial,Tecnológico,Computação e Tecnologias da Informação e Comunicação (TIC),2,4,71,42,59.15,2021,2,1.761,1.7,1.894,0,5,2.36,2.56,true,true
1188849,MEDICINA,Universidade do Estado de Mato Grosso Carlos Alberto Reyes Maldonado - UNEMAT,Pública,Presencial,Bacharelado,Saúde e bem-estar,2,4,84,13,15.48,2023,3,2.004,2.847,1.636,1.247,5,0.196,0.659,true,true
118888,ENFERMAGEM,FACULDADE ANHANGUERA DE CIÊNCIAS SOCIAIS APLICADAS DE SINOP,Privada,Presencial,Bacharelado,Saúde e bem-estar,2,4,112,61,54.46,2023,4,3.618,3.041,3.653,3.939,4.394,3.39,3.705,true,true
1188880,CIÊNCIAS BIOLÓGICAS,Universidade Federal de Rondonópolis,Pública,Presencial,Bacharelado,"Ciências naturais, matemática e estatística",2,4,61,12,19.67,2021,4,3.039,2.996,2.644,3.84,5,1.875,1.218,true,true
1189695,ENGENHARIA CIVIL,FACULDADE ANHANGUERA DE TANGARÁ DA SERRA,Privada,Presencial,Bacharelado,"Engenharia, produção e construção",1,4,56,41,73.21,2023,3,2.654,2.021,1.985,3.939,3.99,3.119,2.772,true,true
1189782,ENFERMAGEM,FACULDADE ANHANGUERA DE TANGARÁ DA SERRA,Privada,Presencial,Bacharelado,Saúde e bem-estar,1,4,56,44,78.57,2023,3,2.419,1.176,1.613,3.75,4.815,2.427,2.85,true,true
1189857,ENGENHARIA CIVIL,Universidade do Estado de Mato Grosso Carlos Alberto Reyes Maldonado - UNEMAT,Pública,Presencial,Bacharelado,"Engenharia, produção e construção",2,4,136,38,27.94,2023,3,2.534,2.38,2.422,1.923,5,1.026,1.519,true,true
1190506,AGRONEGÓCIO,FACULDADE DE DIREITO DE ALTA FLORESTA,Privada,Presencial,Tecnológico,"Negócios, administração e direito",2,4,53,21,39.62,2023,1,0.944,0.376,0,1.563,5,1.189,1.001,true,true
119062,NUTRIÇÃO,CENTRO UNIVERSITÁRIO DO VALE DO ARAGUAIA,Privada,Presencial,Bacharelado,Saúde e bem-estar,2,4,61,20,32.79,2023,3,2.59,1.913,2.453,1.071,4.464,4.962,4.975,true,true
1190666,FARMÁCIA,INSTITUTO CUIABÁ DE ENSINO E CULTURA,Privada,Presencial,Bacharelado,Saúde e bem-estar,1,4,34,17,50.00,2023,3,2.151,0.574,1.771,3.333,5,0.995,1.387,true,true
1191488,ESTÉTICA E COSMÉTICA,CENTRO UNIVERSITÁRIO DO VALE DO ARAGUAIA,Privada,Presencial,Tecnológico,Serviços,2,4,96,46,47.92,2023,4,3.825,3.382,4.644,1.923,4.538,4.687,4.478,true,true
1192227,LOGÍSTICA,CENTRO UNIVERSITÁRIO DE VÁRZEA GRANDE,Privada,Presencial,Tecnológico,"Negócios, administração e direito",2,4,38,28,73.68,2022,SC,,0,0,4,5,5,5,true,true
1192255,ARQUITETURA E URBANISMO,CENTRO UNIVERSITÁRIO DE VÁRZEA GRANDE,Privada,Presencial,Bacharelado,"Engenharia, produção e construção",2,4,280,153,54.64,2023,4,3.121,2.553,2.367,3.125,4.688,4.588,4.318,true,true
1192256,NUTRIÇÃO,CENTRO UNIVERSITÁRIO DE VÁRZEA GRANDE,Privada,Presencial,Bacharelado,Saúde e bem-estar,2,4,245,133,54.29,2023,5,3.994,4.105,3.455,3.529,4.559,4.877,4.889,true,true
1192257,BIOMEDICINA,CENTRO UNIVERSITÁRIO DE VÁRZEA GRANDE,Privada,Presencial,Bacharelado,Saúde e bem-estar,2,4,218,99,45.41,2023,4,3.91,2.808,4.006,4.118,4.58,4.264,4.029,true,true
119816,CIÊNCIAS CONTÁBEIS,Centro Universitário FASIPE,Privada,Presencial,Bacharelado,"Negócios, administração e direito",2,4,53,26,49.06,2022,4,3.373988153,3.013,4.190119987,0.74074074,3.14814815,5,5,true,true
1199602,PSICOLOGIA,Faculdade de Educação Superior de Tangará da Serra,Privada,Presencial,Bacharelado,"Ciências sociais, comunicação e informação",1,4,46,16,34.78,2022,2,1.742092665,0.961,1.608997901,0.666666665,5,3.132939342,2.674306628,true,true
12,MEDICINA,UNIVERSIDADE FEDERAL DE MATO GROSSO,Pública,Presencial,Bacharelado,Saúde e bem-estar,2,4,152,10,6.58,2023,3,2.792,3.492,1.934,2.324,5,3.326,2.925,true,true
1204127,ADMINISTRAÇÃO,FACULDADE IBG,Privada,Presencial,Bacharelado,"Negócios, administração e direito",1,4,22,,31.82,2022,2,1.72960458,2.103,1.383867175,0.454545455,2.272727275,3.103622082,2.879604673,true,false
1204389,EDUCAÇÃO FÍSICA,FACULDADE DE CIÊNCIAS SOCIAIS APLICADAS DO VALE DO SÃO LOURENÇO,Privada,Presencial,Licenciatura,Educação,2,4,53,25,47.17,,,,,,,,,,false,true
1204474,ENGENHARIA CIVIL,FACULDADE DE DIREITO DE ALTA FLORESTA,Privada,Presencial,Bacharelado,"Engenharia, produção e construção",2,4,82,26,31.71,2023,2,1.807,0.915,1.31,0.625,5,3.292,3.754,true,true
1204533,FISIOTERAPIA,Centro Universitário FASIPE,Privada,Presencial,Bacharelado,Saúde e bem-estar,2,4,167,51,30.54,2023,3,2.84,2.351,2.336,1.25,5,5,5,true,true
1204534,ARQUITETURA E URBANISMO,Centro Universitário FASIPE,Privada,Presencial,Bacharelado,"Engenharia, produção e construção",2,4,136,48,35.29,2023,3,2.38,2.377,1.58,0.789,5,5,5,true,true
1204536,ANÁLISE E DESENVOLVIMENTO DE SISTEMAS,Centro Universitário FASIPE,Privada,Presencial,Tecnológico,Computação e Tecnologias da Informação e Comunicação (TIC),2,4,31,14,45.16,2021,3,2.842,2.208,2.352,1.363,5,4.932,4.978,true,true
1204537,ENGENHARIA CIVIL,Centro Universitário FASIPE,Privada,Presencial,Bacharelado,"Engenharia, produção e construção",2,4,176,47,26.70,2023,3,2.803,2.381,2.513,0.882,5,5,5,true,true
1204538,ENGENHARIA DE PRODUÇÃO,Centro Universitário FASIPE,Privada,Presencial,Bacharelado,"Engenharia, produção e construção",1,4,74,58,78.38,,,,,,,,,,false,true
1204987,LETRAS - PORTUGUÊS E ESPANHOL,FACULDADE DE GUARANTÃ DO NORTE,Privada,Presencial,Licenciatura,Educação,1,4,24,,29.17,,,,,,,,,,false,false
1205603,LETRAS - LIBRAS,UNIVERSIDADE FEDERAL DE MATO GROSSO,Pública,Presencial,Licenciatura,Educação,2,4,36,,5.56,,,,,,,,,,false,true
1205640,ENGENHARIA MECÂNICA,FACULDADE ANHANGUERA DE RONDONÓPOLIS,Privada,Presencial,Bacharelado,"Engenharia, produção e construção",2,4,112,69,61.61,2023,3,2.685,1.773,2.163,4.118,4.779,2.127,1.713,true,true
1205926,AGRONOMIA,FACULDADE DE CIÊNCIAS SOCIAIS APLICADAS DO VALE DO SÃO LOURENÇO,Privada,Presencial,Bacharelado,"Agricultura, silvicultura, pesca e veterinária",2,4,78,23,29.49,2023,3,2.205,1.215,1.405,2.115,5,4.264,3.914,true,true
1206020,FISIOTERAPIA,AJES - FACULDADE DO VALE DO JURUENA,Privada,Presencial,Bacharelado,Saúde e bem-estar,2,4,51,21,41.18,2023,2,1.833,1.868,1.799,0.75,0.1,4.552,4.771,true,true
1207123,CIÊNCIAS CONTÁBEIS,Faculdade Fasipe Cuiabá,Privada,Presencial,Bacharelado,"Negócios, administração e direito",1,4,16,,50.00,2022,3,2.399014315,1.549,1.569950213,1.11111111,4.444444445,4.898842762,4.895496482,true,false
1207265,ENFERMAGEM,Faculdade Fasipe Mato Grosso,Privada,Presencial,Bacharelado,Saúde e bem-estar,1,4,47,19,40.43,2023,3,2.356,1.24,1.633,1.522,4.42,4.762,4.726,true,true
1207267,NUTRIÇÃO,Faculdade Fasipe Mato Grosso,Privada,Presencial,Bacharelado,Saúde e bem-estar,1,4,26,,26.92,2023,3,2.487,1.158,2.137,0.625,5,4.853,4.975,true,false
1207269,ANÁLISE E DESENVOLVIMENTO DE SISTEMAS,Faculdade Fasipe Mato Grosso,Privada,Presencial,Tecnológico,Computação e Tecnologias da Informação e Comunicação (TIC),1,4,20,15,75.00,2021,3,2.656,1.869,2.083,1.5,5,5,4.964,true,false
1207552,FISIOTERAPIA,Faculdade Fasipe Mato Grosso,Privada,Presencial,Bacharelado,Saúde e bem-estar,1,4,39,20,51.28,2023,3,2.095,1.635,2.034,1.087,4.696,0.539,2.086,true,true
1207554,BIOMEDICINA,Faculdade Fasipe Mato Grosso,Privada,Presencial,Bacharelado,Saúde e bem-estar,1,4,45,22,48.89,2023,2,1.916,0.227,1.44,1,5,3.223,4.365,true,true
121036,PSICOLOGIA,AJES - FACULDADE DO VALE DO JURUENA,Privada,Presencial,Bacharelado,"Ciências sociais, comunicação e informação",2,4,37,10,27.03,2022,3,2.205393102,1.759,2.845292088,1,1.833333335,1.936533966,2.26008006,true,true
121537,FÍSICA,"INSTITUTO FEDERAL DE EDUCAÇÃO, CIÊNCIA E TECNOLOGIA DE MATO GROSSO",Pública,Presencial,Licenciatura,Educação,2,4,53,26,49.06,2021,2,1.868,0.896,2.256,0.555,5,3.085,2.656,true,true
122150,ANÁLISE E DESENVOLVIMENTO DE SISTEMAS,"INSTITUTO FEDERAL DE EDUCAÇÃO, CIÊNCIA E TECNOLOGIA DE MATO GROSSO",Pública,Presencial,Tecnológico,Computação e Tecnologias da Informação e Comunicação (TIC),2,4,63,18,28.57,2021,3,1.967,1.762,1.781,0.909,5,3.025,3.435,true,true
122408,RADIOLOGIA,CENTRO UNIVERSITÁRIO DE VÁRZEA GRANDE,Privada,Presencial,Tecnológico,Saúde e bem-estar,2,4,78,48,61.54,2023,SC,,,,3.333,2.778,,,true,true
122604,PEDAGOGIA,AJES - FACULDADE DO VALE DO JURUENA,Privada,Presencial,Licenciatura,Educação,1,4,14,,35.71,,,,,,,,,,false,false
122749,AGRONOMIA,"INSTITUTO FEDERAL DE EDUCAÇÃO, CIÊNCIA E TECNOLOGIA DE MATO GROSSO",Pública,Presencial,Bacharelado,"Agricultura, silvicultura, pesca e veterinária",2,4,114,26,22.81,2023,3,2.609,2.465,2.649,1.703,5,3.894,3.589,true,true
122754,AGROINDÚSTRIA,"INSTITUTO FEDERAL DE EDUCAÇÃO, CIÊNCIA E TECNOLOGIA DE MATO GROSSO",Pública,Presencial,Tecnológico,"Agricultura, silvicultura, pesca e veterinária",2,4,49,,18.37,,,,,,,,,,false,true
122860,ANÁLISE E DESENVOLVIMENTO DE SISTEMAS,FACULDADE ANHANGUERA DE SORRISO,Privada,Presencial,Tecnológico,Computação e Tecnologias da Informação e Comunicação (TIC),1,4,32,14,43.75,,,,,,,,,,false,true
123007,ESTATÍSTICA,UNIVERSIDADE FEDERAL DE MATO GROSSO,Pública,Presencial,Bacharelado,"Ciências naturais, matemática e estatística",2,4,132,48,36.36,,,,,,,,,,false,true
123011,SAÚDE COLETIVA,UNIVERSIDADE FEDERAL DE MATO GROSSO,Pública,Presencial,Bacharelado,Saúde e bem-estar,2,4,166,57,34.34,,,,,,,,,,false,true
123013,FÍSICA,UNIVERSIDADE FEDERAL DE MATO GROSSO,Pública,Presencial,Bacharelado,"Ciências naturais, matemática e estatística",2,4,112,45,40.18,,,,,,,,,,false,true
123052,CIÊNCIAS ECONÔMICAS,Universidade Federal de Rondonópolis,Pública,Presencial,Bacharelado,"Ciências sociais, comunicação e informação",2,4,154,48,31.17,2022,4,3.051821756,1.59,2.53431137,3.695652175,5,3.75382353,3.430833873,true,true
123055,ENGENHARIA CIVIL,UNIVERSIDADE FEDERAL DE MATO GROSSO,Pública,Presencial,Bacharelado,"Engenharia, produção e construção",2,4,114,18,15.79,2023,4,3.159,3.171,3.126,3.333,5,2.544,1.536,true,true
123389,PSICOLOGIA,FACULDADE ANHANGUERA DE CIÊNCIAS SOCIAIS APLICADAS DE SINOP,Privada,Presencial,Bacharelado,"Ciências sociais, comunicação e informação",2,4,148,66,44.59,2022,4,3.518570764,2.917,3.859784989,3.82352941,4.650735296,3.253182232,2.538965274,true,true
123427,DIREITO,UNIVERSIDADE FEDERAL DE MATO GROSSO,Pública,Presencial,Bacharelado,"Negócios, administração e direito",2,4,128,16,12.50,2022,4,3.198224016,3.708,2.981477274,2.272727275,5,2.828995026,2.472283273,true,true
123620,ZOOTECNIA,UNIVERSIDADE FEDERAL DE MATO GROSSO,Pública,Presencial,Bacharelado,"Agricultura, silvicultura, pesca e veterinária",2,4,176,41,23.30,2023,4,2.997,2.771,1.998,4.593,5,1.448,2.758,true,true
1257748,FARMÁCIA,Centro Universitário FASIPE,Privada,Presencial,Bacharelado,Saúde e bem-estar,2,4,69,47,68.12,2023,4,3.255,2.685,3.005,1.111,5,5,5,true,true
1257749,EDUCAÇÃO FÍSICA,Centro Universitário FASIPE,Privada,Presencial,Bacharelado,Saúde e bem-estar,2,4,90,44,48.89,2021,4,3.1,2.181,3.179,1.153,5,4.293,4.173,true,true
1257972,ENGENHARIA CIVIL,Centro Universitário Estácio do Pantanal,Privada,Presencial,Bacharelado,"Engenharia, produção e construção",2,4,82,22,26.83,2023,2,1.915,1.017,1.117,1.25,5,2.602,2.648,true,true
1257973,FISIOTERAPIA,Centro Universitário Estácio do Pantanal,Privada,Presencial,Bacharelado,Saúde e bem-estar,2,4,91,37,40.66,2023,2,1.628,1.424,0.955,1.154,3.385,3.109,2.704,true,true
1258890,ENGENHARIA ELÉTRICA,FACULDADE ANHANGUERA DE PRIMAVERA DO LESTE,Privada,Presencial,Bacharelado,"Engenharia, produção e construção",1,4,51,22,43.14,2023,3,2.873,0.587,2.588,4.333,4.429,3.253,4.356,true,true
1259035,SISTEMAS DE INFORMAÇÃO,FACULDADE DE GUARANTÃ DO NORTE,Privada,Presencial,Bacharelado,Computação e Tecnologias da Informação e Comunicação (TIC),1,4,11,0,0.00,2021,3,2.318,1.102,2.869,0,5,3.613,3.893,true,false
1259107,FILOSOFIA,FACULDADE CATÓLICA DE MATO GROSSO,Privada,Presencial,Licenciatura,Educação,2,4,27,,22.22,2021,2,1.235,0.525,1.327,2.307,0,0.955,0,true,false
1259487,GESTÃO DE RECURSOS HUMANOS,FACULDADE ANHANGUERA DE PRIMAVERA DO LESTE,Privada,Presencial,Tecnológico,"Negócios, administração e direito",2,4,72,38,52.78,,,,,,,,,,false,true
1259873,CIÊNCIAS CONTÁBEIS,Faculdade Faipe,Privada,Presencial,Bacharelado,"Negócios, administração e direito",2,4,34,10,29.41,,,,,,,,,,false,true
1260665,PEDAGOGIA,FACULDADE CATÓLICA RAINHA DA PAZ DE ARAPUTANGA,Privada,Presencial,Licenciatura,Educação,1,4,20,,10.00,2021,4,3.069,1.547,3.288,1.25,5,4.84,4.68,true,false
1261632,ADMINISTRAÇÃO,Faculdade Faipe,Privada,Presencial,Bacharelado,"Negócios, administração e direito",2,4,25,13,52.00,,,,,,,,,,false,false
1261971,MEDICINA,Universidade Federal de Rondonópolis,Pública,Presencial,Bacharelado,Saúde e bem-estar,2,4,87,12,13.79,2023,4,3.326,4.416,3.348,2.115,5,2.727,2.86,true,true
1261972,MEDICINA,UNIVERSIDADE FEDERAL DE MATO GROSSO,Pública,Presencial,Bacharelado,Saúde e bem-estar,2,4,122,14,11.48,2023,3,2.66,3.434,1.903,2.185,5,2.648,3.271,true,true
1262723,PSICOLOGIA,FACULDADE DO VALE DO RIO ARINOS,Privada,Presencial,Bacharelado,"Ciências sociais, comunicação e informação",1,4,26,17,65.38,2022,2,1.932126786,0.213,1.467874715,0.714285715,3.303571427,4.965904663,5,true,false
1262725,ENFERMAGEM,FACULDADE DO VALE DO RIO ARINOS,Privada,Presencial,Bacharelado,Saúde e bem-estar,1,4,22,10,45.45,2023,4,3.188,1.747,3.722,2.143,1.19,5,5,true,false
1262726,FISIOTERAPIA,FACULDADE DO VALE DO RIO ARINOS,Privada,Presencial,Bacharelado,Saúde e bem-estar,1,4,13,,30.77,2023,3,2.296,1,1.703,2.143,2,5,5,true,false
1265319,DIREITO,Universidade do Estado de Mato Grosso Carlos Alberto Reyes Maldonado - UNEMAT,Pública,Presencial,Bacharelado,"Negócios, administração e direito",2,4,131,36,27.48,2022,3,2.049956512,2.326,1.863185256,0,5,2.175985311,3.105977264,true,true
1265365,DIREITO,Universidade do Estado de Mato Grosso Carlos Alberto Reyes Maldonado - UNEMAT,Pública,Presencial,Bacharelado,"Negócios, administração e direito",2,4,124,36,29.03,2022,3,2.750489716,2.65,2.674425184,1.875,5,1.951776015,2.30641391,true,true
1265414,DIREITO,Universidade do Estado de Mato Grosso Carlos Alberto Reyes Maldonado - UNEMAT,Pública,Presencial,Bacharelado,"Negócios, administração e direito",2,4,125,30,24.00,2022,4,2.97156042,2.995,3.105460601,1.666666665,5,2.043830115,2.535029785,true,true
1265889,FOTOGRAFIA,UNIVERSIDADE DE CUIABÁ,Privada,Presencial,Tecnológico,Artes e humanidades,1,4,28,23,82.14,,,,,,,,,,false,false
1266092,ENGENHARIA MECÂNICA,UNIVERSIDADE DE CUIABÁ,Privada,Presencial,Bacharelado,"Engenharia, produção e construção",2,4,189,103,54.50,2023,3,2.285,1.199,1.775,3.421,4.408,2.538,2.179,true,true
1266093,ENGENHARIA DE COMPUTAÇÃO,UNIVERSIDADE DE CUIABÁ,Privada,Presencial,Bacharelado,"Engenharia, produção e construção",2,4,109,64,58.72,,,,,,,,,,false,true
1268136,ENGENHARIA CIVIL,Universidade do Estado de Mato Grosso Carlos Alberto Reyes Maldonado - UNEMAT,Pública,Presencial,Bacharelado,"Engenharia, produção e construção",2,4,118,39,33.05,2023,3,2.472,2.072,2.9,0.313,5,1.529,2.347,true,true
1269969,CIÊNCIA DA COMPUTAÇÃO,Universidade do Estado de Mato Grosso Carlos Alberto Reyes Maldonado - UNEMAT,Pública,Presencial,Bacharelado,Computação e Tecnologias da Informação e Comunicação (TIC),2,4,118,69,58.47,2021,3,2.415,1.401,2.4,1.388,5,2.636,2.989,true,true
1269970,CIÊNCIA DA COMPUTAÇÃO,Universidade do Estado de Mato Grosso Carlos Alberto Reyes Maldonado - UNEMAT,Pública,Presencial,Bacharelado,Computação e Tecnologias da Informação e Comunicação (TIC),2,4,102,59,57.84,2021,3,2.154,1.121,2.23,2,5,1.06,2.229,true,true
1270010,ENGENHARIA QUÍMICA,UNIVERSIDADE FEDERAL DE MATO GROSSO,Pública,Presencial,Bacharelado,"Engenharia, produção e construção",2,4,96,24,25.00,2023,3,2.429,2.399,1.556,4.074,5,0.255,0.508,true,true
1270017,ENGENHARIA DE TRANSPORTES,UNIVERSIDADE FEDERAL DE MATO GROSSO,Pública,Presencial,Bacharelado,"Engenharia, produção e construção",2,4,96,33,34.38,,,,,,,,,,false,true
1270037,ENGENHARIA DE MINAS,UNIVERSIDADE FEDERAL DE MATO GROSSO,Pública,Presencial,Bacharelado,"Engenharia, produção e construção",2,4,79,21,26.58,,,,,,,,,,false,true
1270057,ENGENHARIA DE CONTROLE E AUTOMAÇÃO,UNIVERSIDADE FEDERAL DE MATO GROSSO,Pública,Presencial,Bacharelado,"Engenharia, produção e construção",2,4,104,23,22.12,2023,3,2.635,2.089,1.938,3.684,5,2.161,1.672,true,true
1270062,ENGENHARIA DE COMPUTAÇÃO,UNIVERSIDADE FEDERAL DE MATO GROSSO,Pública,Presencial,Bacharelado,"Engenharia, produção e construção",2,4,116,26,22.41,2023,3,2.175,1.888,0.744,3.913,5,1.871,1.084,true,true
1279788,ESTÉTICA E COSMÉTICA,FACULDADE ANHANGUERA DE PRIMAVERA DO LESTE,Privada,Presencial,Tecnológico,Serviços,2,4,85,64,75.29,2023,3,2.611,1.511,,3.421,4.684,4.251,4.418,true,true
1280059,EDUCAÇÃO FÍSICA,FACULDADE UNIBRAS DO MATO GROSSO,Privada,Presencial,Licenciatura,Educação,1,4,18,,22.22,2021,1,0.856,0.812,1.195,0,0,2.234,1.457,true,false
1280518,ENGENHARIA DE COMPUTAÇÃO,FACULDADE ANHANGUERA DE RONDONÓPOLIS,Privada,Presencial,Bacharelado,"Engenharia, produção e construção",1,4,29,22,75.86,,,,,,,,,,false,false
1280519,ENGENHARIA DE CONTROLE E AUTOMAÇÃO,FACULDADE ANHANGUERA DE RONDONÓPOLIS,Privada,Presencial,Bacharelado,"Engenharia, produção e construção",2,4,96,42,43.75,2023,3,2.198,0.258,,4.815,5,4.75,4.319,true,true
1280520,ENGENHARIA ELÉTRICA,FACULDADE ANHANGUERA DE RONDONÓPOLIS,Privada,Presencial,Bacharelado,"Engenharia, produção e construção",2,4,82,42,51.22,2023,3,2.76,0.362,2.273,4.219,4.464,3.709,4.356,true,true
1283961,GESTÃO DE RECURSOS HUMANOS,CENTRO UNIVERSITÁRIO CATHEDRAL,Privada,Presencial,Tecnológico,"Negócios, administração e direito",1,4,35,19,54.29,2022,2,1.732587828,0.298,0,1.875,5,3.98467664,4.316239316,true,true
1283962,GESTÃO PÚBLICA,CENTRO UNIVERSITÁRIO CATHEDRAL,Privada,Presencial,Tecnológico,"Negócios, administração e direito",1,4,44,26,59.09,2022,SC,,0,0,1.875,5,3.981086325,3.9375,true,true
1284133,FISIOTERAPIA,FACULDADE ANHANGUERA DE SORRISO,Privada,Presencial,Bacharelado,Saúde e bem-estar,2,4,92,63,68.48,2023,3,2.477,1.8,1.851,3.375,4.125,2.724,2.952,true,true
1284137,AGRONOMIA,FACULDADE ANHANGUERA DE SORRISO,Privada,Presencial,Bacharelado,"Agricultura, silvicultura, pesca e veterinária",2,4,221,134,60.63,2023,2,1.9,0.674,1.271,3.552,3.301,2.68,2.434,true,true
1284292,ENFERMAGEM,FACULDADE DE DIREITO DE ALTA FLORESTA,Privada,Presencial,Bacharelado,Saúde e bem-estar,1,4,29,19,65.52,2023,3,2.131,1.255,2.056,0,5,3.836,4.105,true,false
1284529,GESTÃO DA PRODUÇÃO INDUSTRIAL,CENTRO UNIVERSITÁRIO LA SALLE,Privada,Presencial,Tecnológico,"Negócios, administração e direito",1,4,14,12,85.71,,,,,,,,,,false,false
1284531,CIÊNCIAS CONTÁBEIS,FACULDADE DE DIREITO DE ALTA FLORESTA,Privada,Presencial,Bacharelado,"Negócios, administração e direito",1,4,47,,14.89,,,,,,,,,,false,true
1284570,ENGENHARIA CIVIL,CENTRO UNIVERSITÁRIO CATHEDRAL,Privada,Presencial,Bacharelado,"Engenharia, produção e construção",1,4,34,15,44.12,2023,3,2.187,2.122,2.182,0.909,5,2.808,2.717,true,true
1284622,ANÁLISE E DESENVOLVIMENTO DE SISTEMAS,Centro Universitário Invest,Privada,Presencial,Tecnológico,Computação e Tecnologias da Informação e Comunicação (TIC),1,4,41,15,36.59,2021,3,1.961,1.424,2.089,1.111,0.882,3.355,3.124,true,true
1284880,ODONTOLOGIA,Centro Universitário Estácio do Pantanal,Privada,Presencial,Bacharelado,Saúde e bem-estar,2,4,63,15,23.81,2023,2,1.601,1.117,0.872,2.105,3.158,3.051,1.922,true,true
1284937,ENFERMAGEM,Centro Universitário Estácio do Pantanal,Privada,Presencial,Bacharelado,Saúde e bem-estar,2,4,51,20,39.22,2023,3,2.415,1.077,2.906,1.5,4,3.781,3.662,true,true
1285517,CIÊNCIAS BIOLÓGICAS,UNIVERSIDADE FEDERAL DE MATO GROSSO,Pública,Presencial,Bacharelado,"Ciências naturais, matemática e estatística",2,4,71,15,21.13,2021,4,3.374,3.116,2.33,4.696,5,2.974,3.122,true,true
1299950,PSICOLOGIA,FACULDADE ANHANGUERA DE SORRISO,Privada,Presencial,Bacharelado,"Ciências sociais, comunicação e informação",1,4,110,83,75.45,2022,3,2.363116172,1.375,2.100602238,3.375,4.40625,2.081794307,2.629192841,true,true
1299959,ESTÉTICA E COSMÉTICA,FACULDADE ANHANGUERA DE CIÊNCIAS SOCIAIS APLICADAS DE SINOP,Privada,Presencial,Tecnológico,Serviços,1,4,26,26,100.00,,,,,,,,,,false,false
1299960,ENGENHARIA CIVIL,FACULDADE ANHANGUERA DE CIÊNCIAS SOCIAIS APLICADAS DE SINOP,Privada,Presencial,Bacharelado,"Engenharia, produção e construção",1,4,33,25,75.76,2023,3,2.044,1.155,1.062,3.971,3.627,1.905,2.307,true,true
1299961,ENGENHARIA ELÉTRICA,FACULDADE ANHANGUERA DE CIÊNCIAS SOCIAIS APLICADAS DE SINOP,Privada,Presencial,Bacharelado,"Engenharia, produção e construção",1,4,22,18,81.82,2023,4,2.987,1.021,2.639,4.483,4.409,3.27,3.622,true,false
13,ADMINISTRAÇÃO,UNIVERSIDADE FEDERAL DE MATO GROSSO,Pública,Presencial,Bacharelado,"Negócios, administração e direito",2,4,263,67,25.48,2022,4,3.407253951,3.726,2.772492304,4.545454545,5,1.709595808,1.603574766,true,true
1300369,BIOMEDICINA,FACULDADE ANHANGUERA DE PRIMAVERA DO LESTE,Privada,Presencial,Bacharelado,Saúde e bem-estar,1,4,33,25,75.76,2023,2,1.703,1.024,,3.421,4.812,0.547,0,true,true
1300430,AGRONOMIA,FACULDADE ANHANGUERA DE TANGARÁ DA SERRA,Privada,Presencial,Bacharelado,"Agricultura, silvicultura, pesca e veterinária",1,4,81,61,75.31,2023,3,2.94,1.591,2.675,4.212,4.769,2.511,2.45,true,true
1303435,PSICOLOGIA,FACULDADE ANHANGUERA DE PRIMAVERA DO LESTE,Privada,Presencial,Bacharelado,"Ciências sociais, comunicação e informação",1,4,87,58,66.67,2022,2,1.900266734,0.816,1.258877348,3.333333335,4.391025638,1.888232238,1.3676444,true,true
1303468,ARQUITETURA E URBANISMO,FACULDADE ANHANGUERA DE RONDONÓPOLIS,Privada,Presencial,Bacharelado,"Engenharia, produção e construção",1,4,79,62,78.48,2023,3,2.393,1.076,1.338,4.242,4.545,3.191,2.701,true,true
1303764,ENGENHARIA ELÉTRICA,FACULDADE ANHANGUERA DE TANGARÁ DA SERRA,Privada,Presencial,Bacharelado,"Engenharia, produção e construção",1,4,11,,81.82,2023,4,3.109,1.326,2.554,4.643,5,4.139,3.62,true,false
1304116,EDUCAÇÃO FÍSICA,Centro Universitário Estácio do Pantanal,Privada,Presencial,Bacharelado,Saúde e bem-estar,1,4,13,,53.85,2021,SC,,,,0,5,,,true,false
1304488,GASTRONOMIA,Faculdade FASIPE,Privada,Presencial,Tecnológico,Serviços,1,4,16,14,87.50,,,,,,,,,,false,false
1304558,PSICOLOGIA,FACULDADE CATÓLICA DE MATO GROSSO,Privada,Presencial,Bacharelado,"Ciências sociais, comunicação e informação",1,4,12,10,83.33,,,,,,,,,,false,false
1305048,ENFERMAGEM,FACULDADE DE GUARANTÃ DO NORTE,Privada,Presencial,Bacharelado,Saúde e bem-estar,1,4,26,,19.23,2023,3,2.585,1.539,2.362,1.563,5,2.932,4.365,true,false
1305050,FARMÁCIA,FACULDADE DE GUARANTÃ DO NORTE,Privada,Presencial,Bacharelado,Saúde e bem-estar,1,4,27,,7.41,2023,2,1.256,0.538,0.509,1.765,4.608,0.6,0.289,true,false
1305051,PSICOLOGIA,FACULDADE DE GUARANTÃ DO NORTE,Privada,Presencial,Bacharelado,"Ciências sociais, comunicação e informação",1,4,32,,18.75,2022,2,1.661536867,0.49,1.161198635,1,5,2.514395808,2.567411401,true,true
1310955,SISTEMAS DE INFORMAÇÃO,Universidade do Estado de Mato Grosso Carlos Alberto Reyes Maldonado - UNEMAT,Pública,Presencial,Bacharelado,Computação e Tecnologias da Informação e Comunicação (TIC),2,4,113,71,62.83,2021,3,2.586,2.803,2.115,1.212,5,3.31,3.004,true,true
1313190,ENGENHARIA AGRONÔMICA,"INSTITUTO FEDERAL DE EDUCAÇÃO, CIÊNCIA E TECNOLOGIA DE MATO GROSSO",Pública,Presencial,Bacharelado,"Agricultura, silvicultura, pesca e veterinária",2,4,75,14,18.67,2023,3,2.481,2.494,2.127,2.062,5,3.729,3.674,true,true
1313191,TURISMO,"INSTITUTO FEDERAL DE EDUCAÇÃO, CIÊNCIA E TECNOLOGIA DE MATO GROSSO",Pública,Presencial,Bacharelado,Serviços,2,4,104,30,28.85,2022,2,1.392141839,1.269,0.46195246,0.967741935,5,3.323839119,2.898745864,true,true
1313294,ENGENHARIA DE CONTROLE E AUTOMAÇÃO,"INSTITUTO FEDERAL DE EDUCAÇÃO, CIÊNCIA E TECNOLOGIA DE MATO GROSSO",Pública,Presencial,Bacharelado,"Engenharia, produção e construção",2,4,80,23,28.75,2023,2,1.858,1.341,1.392,0.556,5,4.467,4.174,true,true
1321429,ENGENHARIA ELÉTRICA,CENTRO UNIVERSITÁRIO DE VÁRZEA GRANDE,Privada,Presencial,Bacharelado,"Engenharia, produção e construção",2,4,73,53,72.60,2023,4,3.308,1.823,2.861,3.929,4.388,4.873,4.816,true,true
1321981,ENGENHARIA AGRONÔMICA,FACULDADE UNIBRAS DO MATO GROSSO,Privada,Presencial,Bacharelado,"Agricultura, silvicultura, pesca e veterinária",1,4,29,,10.34,2023,3,2.606,1.265,1.505,3.661,5,3.815,3.634,true,false
1321982,FISIOTERAPIA,FACULDADE UNIBRAS DO MATO GROSSO,Privada,Presencial,Bacharelado,Saúde e bem-estar,1,4,16,,12.50,2023,3,2.236,1.595,1.329,4,5,0.663,0.673,true,false
1322249,ADMINISTRAÇÃO,FACULDADE CENTRO MATO-GROSSENSE,Privada,Presencial,Bacharelado,"Negócios, administração e direito",1,4,27,12,44.44,2022,3,2.640386556,2.558,2.583389745,0.76923077,3.846153845,4.183041873,4.3081761,true,false
1322360,BIOMEDICINA,Centro Universitário Estácio do Pantanal,Privada,Presencial,Bacharelado,Saúde e bem-estar,1,4,17,,23.53,2023,3,2.165,1.939,1.407,2.5,3.571,1.957,1.904,true,false
1322401,EDUCAÇÃO FÍSICA,FACULDADE ANHANGUERA DE RONDONÓPOLIS,Privada,Presencial,Bacharelado,Saúde e bem-estar,1,4,69,61,88.41,2021,3,2.195,1.102,0.924,3.5,5,3.512,2.695,true,true
1322402,FISIOTERAPIA,FACULDADE ANHANGUERA DE RONDONÓPOLIS,Privada,Presencial,Bacharelado,Saúde e bem-estar,1,4,132,100,75.76,2023,3,2.771,2.411,2.116,3.182,4.841,3.569,3.772,true,true
1322403,ODONTOLOGIA,FACULDADE ANHANGUERA DE RONDONÓPOLIS,Privada,Presencial,Bacharelado,Saúde e bem-estar,1,4,111,60,54.05,2023,3,2.478,1.88,2.041,3.077,3.815,3.102,2.88,true,true
1322463,ENGENHARIA AGRONÔMICA,CENTRO UNIVERSITÁRIO LA SALLE,Privada,Presencial,Bacharelado,"Agricultura, silvicultura, pesca e veterinária",1,4,82,42,51.22,2023,3,2.755,2.43,3.079,1.534,1.765,3.387,2.695,true,true
1322690,LOGÍSTICA,CENTRO UNIVERSITÁRIO CATHEDRAL,Privada,Presencial,Tecnológico,"Negócios, administração e direito",1,4,14,,50.00,,,,,,,,,,false,false
1327250,PROCESSOS GERENCIAIS,"INSTITUTO FEDERAL DE EDUCAÇÃO, CIÊNCIA E TECNOLOGIA DE MATO GROSSO",Pública,Presencial,Tecnológico,"Negócios, administração e direito",2,4,59,,13.56,2022,2,1.755130432,1.867,0.969804832,0,5,4.547204914,4.365539838,true,true
1330471,ENGENHARIA MECÂNICA,FACULDADE ANHANGUERA DE CIÊNCIAS SOCIAIS APLICADAS DE SINOP,Privada,Presencial,Bacharelado,"Engenharia, produção e construção",1,4,24,12,50.00,2023,3,2.918,2.693,2.567,4.194,4.032,2.407,1.308,true,false
1330475,FARMÁCIA,FACULDADE ANHANGUERA DE RONDONÓPOLIS,Privada,Presencial,Bacharelado,Saúde e bem-estar,1,4,94,72,76.60,2023,3,2.467,1.607,1.377,3.415,4.675,4.225,4.193,true,true
1330485,ENGENHARIA MECÂNICA,FACULDADE ANHANGUERA DE SORRISO,Privada,Presencial,Bacharelado,"Engenharia, produção e construção",1,4,26,19,73.08,2023,2,1.902,0.433,,4.194,4.758,2.382,2.792,true,false
1330486,ENGENHARIA ELÉTRICA,FACULDADE ANHANGUERA DE SORRISO,Privada,Presencial,Bacharelado,"Engenharia, produção e construção",1,4,28,19,67.86,2023,3,2.583,1.477,2.612,4.194,4.447,1.489,0.916,true,false
1330494,ENGENHARIA CIVIL,FACULDADE ANHANGUERA DE SORRISO,Privada,Presencial,Bacharelado,"Engenharia, produção e construção",1,4,41,27,65.85,2023,3,2.003,1.168,0.856,3.714,4.048,2.386,2.675,true,true
1330496,ENGENHARIA MECÂNICA,FACULDADE ANHANGUERA DE PRIMAVERA DO LESTE,Privada,Presencial,Bacharelado,"Engenharia, produção e construção",1,4,15,15,100.00,2023,4,3.53,2.386,2.805,4.643,5,4.599,4.327,true,false
1330620,ENGENHARIA MECÂNICA,FACULDADE ANHANGUERA DE TANGARÁ DA SERRA,Privada,Presencial,Bacharelado,"Engenharia, produção e construção",1,4,42,34,80.95,2023,SC,,,,4.333,4.25,,,true,true
1330682,EDUCAÇÃO FÍSICA,FACULDADE ANHANGUERA DE CIÊNCIAS SOCIAIS APLICADAS DE SINOP,Privada,Presencial,Bacharelado,Saúde e bem-estar,1,4,11,11,100.00,2021,2,1.698,0.957,0,4.166,4.285,0.222,3.244,true,false
1330683,EDUCAÇÃO FÍSICA,FACULDADE ANHANGUERA DE SORRISO,Privada,Presencial,Bacharelado,Saúde e bem-estar,1,4,35,28,80.00,2021,3,1.99,0.699,0,4.565,4.751,2.652,3.647,true,true
1330794,EDUCAÇÃO FÍSICA,FACULDADE ANHANGUERA DE TANGARÁ DA SERRA,Privada,Presencial,Bacharelado,Saúde e bem-estar,1,4,26,23,88.46,,,,,,,,,,false,false
1330831,ODONTOLOGIA,FACULDADE ANHANGUERA DE CIÊNCIAS SOCIAIS APLICADAS DE SINOP,Privada,Presencial,Bacharelado,Saúde e bem-estar,1,4,46,26,56.52,2023,3,2.088,0.268,1.42,3.396,3.679,3.64,4.331,true,true
1331390,FISIOTERAPIA,Faculdade do Norte de Mato Grosso,Privada,Presencial,Bacharelado,Saúde e bem-estar,1,4,21,13,61.90,2023,2,1.332,0.718,0.639,1.333,4.067,2.816,2.581,true,false
1331706,GESTÃO DE RECURSOS HUMANOS,Faculdade Alffa do Brasil,Privada,Presencial,Tecnológico,"Negócios, administração e direito",1,4,29,0,0.00,,,,,,,,,,false,false
1332047,PSICOLOGIA,Faculdade do Norte de Mato Grosso,Privada,Presencial,Bacharelado,"Ciências sociais, comunicação e informação",1,4,11,,81.82,2022,3,2.641981778,2.118,2.458312466,1.785714285,2.031249999,4.89771399,4.878659475,true,false
1332350,CIÊNCIAS CONTÁBEIS,FACULDADE UNIBRAS DO MATO GROSSO,Privada,Presencial,Bacharelado,"Negócios, administração e direito",1,4,39,,5.13,2022,2,1.081566647,1.469,1.420927718,0,0,1.846528366,2.021106891,true,true
1332677,PEDAGOGIA,FACULDADE CATÓLICA DE MATO GROSSO,Privada,Presencial,Licenciatura,Educação,1,4,34,27,79.41,2021,2,1.727,1.414,,0.833,0,3.873,3.447,true,true
1332921,GESTÃO DE COOPERATIVAS,Faculdade de Ensino de Pesquisa do Cooperativismo,Privada,Presencial,Tecnológico,"Negócios, administração e direito",1,4,30,10,33.33,,,,,,,,,,false,true
1341062,GASTRONOMIA,CENTRO UNIVERSITÁRIO DE VÁRZEA GRANDE,Privada,Presencial,Tecnológico,Serviços,1,4,25,13,52.00,2022,4,3.196501572,3.001,2.142676253,3.125,5,4.731111112,3.811728395,true,false
1342324,CIÊNCIAS DA NATUREZA,"INSTITUTO FEDERAL DE EDUCAÇÃO, CIÊNCIA E TECNOLOGIA DE MATO GROSSO",Pública,Presencial,Licenciatura,Educação,1,4,25,11,44.00,,,,,,,,,,false,false
1342445,ADMINISTRAÇÃO,"INSTITUTO FEDERAL DE EDUCAÇÃO, CIÊNCIA E TECNOLOGIA DE MATO GROSSO",Pública,Presencial,Bacharelado,"Negócios, administração e direito",1,4,42,,21.43,2022,3,2.187910439,2.437,2.422745056,0,5,3.143308187,3.152602116,true,true
1342447,ZOOTECNIA,"INSTITUTO FEDERAL DE EDUCAÇÃO, CIÊNCIA E TECNOLOGIA DE MATO GROSSO",Pública,Presencial,Bacharelado,"Agricultura, silvicultura, pesca e veterinária",1,4,34,10,29.41,2023,2,1.521,1.083,1.406,1.2,5,2.044,1.736,true,true
1342448,GESTÃO PÚBLICA,"INSTITUTO FEDERAL DE EDUCAÇÃO, CIÊNCIA E TECNOLOGIA DE MATO GROSSO",Pública,Presencial,Tecnológico,"Negócios, administração e direito",1,4,73,14,19.18,2022,3,2.918515543,2.983,3.531620323,0.384615385,5,4.358389913,4.354166667,true,true
1342497,BIOLOGIA,"INSTITUTO FEDERAL DE EDUCAÇÃO, CIÊNCIA E TECNOLOGIA DE MATO GROSSO",Pública,Presencial,Licenciatura,Educação,2,4,39,,12.82,2021,2,1.817,1.245,2.141,0,5,3.24,2.527,true,true
1342504,FÍSICA,"INSTITUTO FEDERAL DE EDUCAÇÃO, CIÊNCIA E TECNOLOGIA DE MATO GROSSO",Pública,Presencial,Licenciatura,Educação,2,4,41,,12.20,2021,2,1.142,0.141,0.566,0,5,3.483,3.668,true,true
1342611,ADMINISTRAÇÃO,"INSTITUTO FEDERAL DE EDUCAÇÃO, CIÊNCIA E TECNOLOGIA DE MATO GROSSO",Pública,Presencial,Bacharelado,"Negócios, administração e direito",1,4,41,13,31.71,2022,3,2.161823885,2.329,2.442698715,0,5,2.910784689,3.18040101,true,true
1342612,ANÁLISE E DESENVOLVIMENTO DE SISTEMAS,"INSTITUTO FEDERAL DE EDUCAÇÃO, CIÊNCIA E TECNOLOGIA DE MATO GROSSO",Pública,Presencial,Tecnológico,Computação e Tecnologias da Informação e Comunicação (TIC),1,4,46,0,0.00,2021,3,2.663,3.528,2.844,0,5,4.264,3.871,true,true
1349525,NUTRIÇÃO,Centro Universitário Estácio do Pantanal,Privada,Presencial,Bacharelado,Saúde e bem-estar,1,4,33,14,42.42,2023,3,2.471,1.73,2.474,2.222,5,1.743,0.662,true,true
1350251,ENFERMAGEM,FACULDADE DE CIÊNCIAS SOCIAIS APLICADAS DO VALE DO SÃO LOURENÇO,Privada,Presencial,Bacharelado,Saúde e bem-estar,1,4,19,,42.11,2023,3,2.219,1.861,2.1,0,5,4.908,4.773,true,false
1350334,PSICOLOGIA,FACULDADE DE CIÊNCIAS SOCIAIS APLICADAS DO VALE DO SÃO LOURENÇO,Privada,Presencial,Bacharelado,"Ciências sociais, comunicação e informação",1,4,31,,25.81,,,,,,,,,,false,true
1350832,EDUCAÇÃO FÍSICA,Faculdade Faipe,Privada,Presencial,Bacharelado,Saúde e bem-estar,1,4,29,24,82.76,2021,3,2.506,1.5,1.582,1.538,5,4.534,4.456,true,false
1351681,CIÊNCIAS CONTÁBEIS,Faculdade Católica de Várzea Grande,Privada,Presencial,Bacharelado,"Negócios, administração e direito",1,4,22,,40.91,2022,2,1.881909176,1.37,2.075227584,0,3,3.107853847,2.59641911,true,false
1352816,SERVIÇO SOCIAL,FACULDADE METODISTA CONEXIONAL,Privada,Presencial,Bacharelado,Saúde e bem-estar,1,4,11,0,0.00,,,,,,,,,,false,false
1353460,ODONTOLOGIA,Faculdade Fasipe Mato Grosso,Privada,Presencial,Bacharelado,Saúde e bem-estar,1,4,28,12,42.86,2023,3,2.057,1.552,1.406,1.071,4.25,4.237,4.102,true,false
1354638,PEDAGOGIA,FACULDADE UNIVEST DE EDUCAÇÃO,Privada,Presencial,Licenciatura,Educação,1,4,16,,12.50,,,,,,,,,,false,false
1364187,ARQUITETURA E URBANISMO,FACULDADE ANHANGUERA DE SORRISO,Privada,Presencial,Bacharelado,"Engenharia, produção e construção",1,4,37,24,64.86,2023,3,2.488,1.235,1.971,4.063,3.828,2.299,2.774,true,true
1364369,NUTRIÇÃO,FACULDADE ANHANGUERA DE PRIMAVERA DO LESTE,Privada,Presencial,Bacharelado,Saúde e bem-estar,1,4,23,15,65.22,2023,3,2.861,2.248,2.555,3.25,3.875,3.533,3.523,true,false
1364370,BIOMEDICINA,FACULDADE ANHANGUERA DE TANGARÁ DA SERRA,Privada,Presencial,Bacharelado,Saúde e bem-estar,1,4,65,41,63.08,2023,2,1.588,0.712,0.31,3.415,4.652,0.891,1.972,true,true
1364739,ODONTOLOGIA,Faculdade do Norte de Mato Grosso,Privada,Presencial,Bacharelado,Saúde e bem-estar,1,4,23,,39.13,2023,3,2.165,1.689,2.217,1.667,4.417,3.446,3.003,true,false
1365187,BIOMEDICINA,UNIVERSIDADE DE CUIABÁ,Privada,Presencial,Bacharelado,Saúde e bem-estar,1,4,109,90,82.57,2023,4,3.171,1.785,3.272,3.1,4.857,3.246,3.831,true,true
1366581,PSICOLOGIA,CENTRO UNIVERSITÁRIO DE VÁRZEA GRANDE,Privada,Presencial,Bacharelado,"Ciências sociais, comunicação e informação",1,4,33,16,48.48,,,,,,,,,,false,true
1368246,GESTÃO PÚBLICA,"INSTITUTO FEDERAL DE EDUCAÇÃO, CIÊNCIA E TECNOLOGIA DE MATO GROSSO",Pública,Presencial,Tecnológico,"Negócios, administração e direito",1,4,40,10,25.00,2022,2,1.435863614,1.344,0.297307516,0,5,4.432710961,4.713942307,true,true
1368260,QUÍMICA,"INSTITUTO FEDERAL DE EDUCAÇÃO, CIÊNCIA E TECNOLOGIA DE MATO GROSSO",Pública,Presencial,Licenciatura,Educação,1,4,40,,5.00,2021,2,1.925,0.841,2.226,0.263,5,3.911,3.657,true,true
1377531,ELETROTÉCNICA INDUSTRIAL,"INSTITUTO FEDERAL DE EDUCAÇÃO, CIÊNCIA E TECNOLOGIA DE MATO GROSSO",Pública,Presencial,Tecnológico,"Engenharia, produção e construção",1,4,34,16,47.06,,,,,,,,,,false,true
1383033,DIREITO,Faculdade Fasipe Cuiabá,Privada,Presencial,Bacharelado,"Negócios, administração e direito",1,4,237,117,49.37,2022,2,1.872183051,1.475,1.503889609,1.029411765,3.67647059,1.790314647,2.833284214,true,true
1383058,DIREITO,Faculdade do Norte de Mato Grosso,Privada,Presencial,Bacharelado,"Negócios, administração e direito",1,4,12,,66.67,,,,,,,,,,false,false
1385205,DIREITO,FACULDADE DE GUARANTÃ DO NORTE,Privada,Presencial,Bacharelado,"Negócios, administração e direito",1,4,75,14,18.67,,,,,,,,,,false,true
1385206,ODONTOLOGIA,FACULDADE DE GUARANTÃ DO NORTE,Privada,Presencial,Bacharelado,Saúde e bem-estar,1,4,35,,5.71,2023,3,2.138,0.641,1.405,2.5,5,3.741,3.815,true,true
1385207,FISIOTERAPIA,FACULDADE DE GUARANTÃ DO NORTE,Privada,Presencial,Bacharelado,Saúde e bem-estar,1,4,34,,8.82,2023,3,2.258,1.697,1.665,1.667,4.611,2.479,3.269,true,true
1385289,DIREITO,FACULDADE CENTRO MATO-GROSSENSE,Privada,Presencial,Bacharelado,"Negócios, administração e direito",1,4,34,17,50.00,,,,,,,,,,false,true
1385730,DIREITO,FACULDADE DE CIÊNCIAS SOCIAIS APLICADAS DO VALE DO SÃO LOURENÇO,Privada,Presencial,Bacharelado,"Negócios, administração e direito",1,4,73,28,38.36,,,,,,,,,,false,true
1386004,DIREITO,Centro Universitário Estácio do Pantanal,Privada,Presencial,Bacharelado,"Negócios, administração e direito",1,4,118,27,22.88,2022,3,2.065749621,1.508,1.891079727,1.666666665,2.708333335,2.590818068,2.245222505,true,true
1386427,ENGENHARIA AGRONÔMICA,Faculdade de Matupá,Privada,Presencial,Bacharelado,"Agricultura, silvicultura, pesca e veterinária",1,4,15,,13.33,2023,2,1.866,1.194,1.729,1.786,5,0,0,true,false
1386430,DIREITO,Faculdade de Matupá,Privada,Presencial,Bacharelado,"Negócios, administração e direito",1,4,14,,14.29,,,,,,,,,,false,false
1386526,GESTÃO PÚBLICA,Centro Universitário Invest,Privada,Presencial,Tecnológico,"Negócios, administração e direito",1,4,31,13,41.94,2022,SC,,0,0,1.42857143,5,4.781765276,4.531250001,true,true
1386527,DIREITO,Centro Universitário Invest,Privada,Presencial,Bacharelado,"Negócios, administração e direito",1,4,169,36,21.30,2022,3,2.550241512,1.737,2.245704474,0.76923077,3.46153846,4.978794934,4.989711934,true,true
1386600,PSICOLOGIA,Centro Universitário Invest,Privada,Presencial,Bacharelado,"Ciências sociais, comunicação e informação",1,4,36,,22.22,,,,,,,,,,false,true
1387135,DIREITO,FACULDADE UNIBRAS DO MATO GROSSO,Privada,Presencial,Bacharelado,"Negócios, administração e direito",1,4,31,11,35.48,2022,2,1.818908315,2.068,2.485188825,0.3125,1.25,2.621789453,2.743003184,true,true
1387311,DIREITO,Faculdade Faipe,Privada,Presencial,Bacharelado,"Negócios, administração e direito",1,4,91,18,19.78,2022,3,2.835166244,2.687,2.180245185,1.59090909,4.772727275,4.341794745,4.259259259,true,true
1389852,GESTÃO DO AGRONEGÓCIO,FACULDADE CATÓLICA RAINHA DA PAZ DE ARAPUTANGA,Privada,Presencial,Tecnológico,"Negócios, administração e direito",1,4,23,,13.04,,,,,,,,,,false,false
1396145,DIREITO,CENTRO UNIVERSITÁRIO DO VALE DO ARAGUAIA,Privada,Presencial,Bacharelado,"Negócios, administração e direito",1,4,96,46,47.92,,,,,,,,,,false,true
1399733,CIÊNCIAS DA NATUREZA - BIOLOGIA,"INSTITUTO FEDERAL DE EDUCAÇÃO, CIÊNCIA E TECNOLOGIA DE MATO GROSSO",Pública,Presencial,Licenciatura,Educação,1,4,13,0,0.00,2021,2,1.896,2.086,1.454,0,5,3.739,4.039,true,false
1399735,ZOOTECNIA,"INSTITUTO FEDERAL DE EDUCAÇÃO, CIÊNCIA E TECNOLOGIA DE MATO GROSSO",Pública,Presencial,Bacharelado,"Agricultura, silvicultura, pesca e veterinária",1,4,11,,9.09,2023,3,2.272,2.161,2.839,0,5,2.921,3.483,true,false
1399736,AGROINDÚSTRIA,"INSTITUTO FEDERAL DE EDUCAÇÃO, CIÊNCIA E TECNOLOGIA DE MATO GROSSO",Pública,Presencial,Tecnológico,"Agricultura, silvicultura, pesca e veterinária",1,4,15,,6.67,,,,,,,,,,false,false
1399738,CIÊNCIAS BIOLÓGICAS,"INSTITUTO FEDERAL DE EDUCAÇÃO, CIÊNCIA E TECNOLOGIA DE MATO GROSSO",Pública,Presencial,Licenciatura,Educação,1,4,42,,7.14,2021,3,1.956,1.106,2.124,0.263,5,3.75,4.066,true,true
1403526,SISTEMAS DE INFORMAÇÃO,CENTRO UNIVERSITÁRIO UNIC,Privada,Presencial,Bacharelado,Computação e Tecnologias da Informação e Comunicação (TIC),1,4,33,20,60.61,2021,2,1.936,0.75,1.492,3.181,3.475,2.205,2.017,true,true
1404129,CIÊNCIAS AERONÁUTICAS,UNIVERSIDADE DE CUIABÁ,Privada,Presencial,Bacharelado,Serviços,1,4,88,68,77.27,,,,,,,,,,false,true
1404315,ODONTOLOGIA,Faculdade Faipe,Privada,Presencial,Bacharelado,Saúde e bem-estar,1,4,58,18,31.03,2023,4,3.037,1.73,2.685,3.667,5,3.317,2.924,true,true
1404462,ESTÉTICA E COSMÉTICA,FACULDADE AJES,Privada,Presencial,Tecnológico,Serviços,1,4,14,,57.14,,,,,,,,,,false,false
1404464,BIOMEDICINA,Faculdade do Norte de Mato Grosso,Privada,Presencial,Bacharelado,Saúde e bem-estar,1,4,11,,36.36,2023,4,3.436,3.382,3.516,2,4.286,4.965,4.664,true,false
1404465,PSICOLOGIA,FACULDADE ÁGORA - FAG,Privada,Presencial,Bacharelado,"Ciências sociais, comunicação e informação",1,4,37,18,48.65,,,,,,,,,,false,true
1404466,ENFERMAGEM,FACULDADE ÁGORA - FAG,Privada,Presencial,Bacharelado,Saúde e bem-estar,1,4,31,,22.58,,,,,,,,,,false,true
1404730,NUTRIÇÃO,FACULDADE ANHANGUERA DE SORRISO,Privada,Presencial,Bacharelado,Saúde e bem-estar,1,4,51,36,70.59,2023,2,1.9,1.306,1.378,3.857,4.143,0,0.75,true,true
1404731,BIOMEDICINA,FACULDADE ANHANGUERA DE SORRISO,Privada,Presencial,Bacharelado,Saúde e bem-estar,1,4,54,36,66.67,2023,3,2.14,0.561,1.64,4,4.184,0.974,2.192,true,true
1404781,NUTRIÇÃO,FACULDADE ANHANGUERA DE RONDONÓPOLIS,Privada,Presencial,Bacharelado,Saúde e bem-estar,1,4,117,94,80.34,2023,3,2.524,2.142,2.529,3.182,4.659,1.404,2.216,true,true
1404843,ENGENHARIA CIVIL,FACULDADE DE GUARANTÃ DO NORTE,Privada,Presencial,Bacharelado,"Engenharia, produção e construção",1,4,22,,18.18,,,,,,,,,,false,false
1404937,NUTRIÇÃO,FACULDADE ANHANGUERA DE TANGARÁ DA SERRA,Privada,Presencial,Bacharelado,Saúde e bem-estar,1,4,31,21,67.74,2023,3,2.197,0.437,0.655,4.355,4.758,3.817,3.862,true,true
1405488,ARQUITETURA E URBANISMO,FACULDADE DE DIREITO DE ALTA FLORESTA,Privada,Presencial,Bacharelado,"Engenharia, produção e construção",1,4,15,,60.00,,,,,,,,,,false,false
1405507,ARQUITETURA E URBANISMO,CENTRO UNIVERSITÁRIO LA SALLE,Privada,Presencial,Bacharelado,"Engenharia, produção e construção",1,4,39,22,56.41,2023,2,1.613,2.137,1.284,0.556,2.5,3.262,2.832,true,true
1405555,DESIGN DE INTERIORES,CENTRO UNIVERSITÁRIO CATHEDRAL,Privada,Presencial,Tecnológico,Artes e humanidades,1,4,36,24,66.67,2022,5,3.954408137,4.648,0,1.875,5,3.04916986,1.95970696,true,true
1405567,GESTÃO COMERCIAL,CENTRO UNIVERSITÁRIO CATHEDRAL,Privada,Presencial,Tecnológico,"Negócios, administração e direito",1,4,11,,81.82,2022,4,3.065418236,2.852,0,1.666666665,5,2.977022977,4.314516128,true,false
1405610,PSICOLOGIA,Faculdade Fasipe Cuiabá,Privada,Presencial,Bacharelado,"Ciências sociais, comunicação e informação",1,4,34,17,50.00,,,,,,,,,,false,true
1405628,ENGENHARIA CIVIL,CENTRO UNIVERSITÁRIO LA SALLE,Privada,Presencial,Bacharelado,"Engenharia, produção e construção",1,4,20,15,75.00,2023,2,1.483,2.033,1.592,0.455,3.182,1.438,0,true,false
1406034,MEDICINA VETERINÁRIA,FACULDADE UNIBRAS DO MATO GROSSO,Privada,Presencial,Bacharelado,"Agricultura, silvicultura, pesca e veterinária",1,4,29,0,0.00,2023,3,2.032,0.02,0.407,4.383,5,3.474,3.067,true,false
1408790,DIREITO,FACULDADE FASIPE DE RONDONÓPOLIS,Privada,Presencial,Bacharelado,"Negócios, administração e direito",1,4,46,18,39.13,,,,,,,,,,false,true
1408791,CIÊNCIAS CONTÁBEIS,FACULDADE FASIPE DE RONDONÓPOLIS,Privada,Presencial,Bacharelado,"Negócios, administração e direito",1,4,13,,53.85,,,,,,,,,,false,false
1408793,ENGENHARIA CIVIL,FACULDADE FASIPE DE RONDONÓPOLIS,Privada,Presencial,Bacharelado,"Engenharia, produção e construção",1,4,12,,50.00,,,,,,,,,,false,false
1408795,ENFERMAGEM,FACULDADE FASIPE DE RONDONÓPOLIS,Privada,Presencial,Bacharelado,Saúde e bem-estar,1,4,34,13,38.24,,,,,,,,,,false,true
1409942,DIREITO,Faculdade Unicentral,Privada,Presencial,Bacharelado,"Negócios, administração e direito",1,4,29,,13.79,,,,,,,,,,false,false
1409985,GESTÃO DO AGRONEGÓCIO,Faculdade Unicentral,Privada,Presencial,Tecnológico,"Negócios, administração e direito",1,4,22,0,0.00,,,,,,,,,,false,false
1419552,JORNALISMO,Universidade do Estado de Mato Grosso Carlos Alberto Reyes Maldonado - UNEMAT,Pública,Presencial,Bacharelado,"Ciências sociais, comunicação e informação",1,4,34,22,64.71,2022,4,3.200309545,2.681,3.187097451,2.708333335,5,1.847168898,3.637793787,true,true
1420159,CINEMA E AUDIOVISUAL,UNIVERSIDADE FEDERAL DE MATO GROSSO,Pública,Presencial,Bacharelado,Artes e humanidades,1,4,25,,12.00,,,,,,,,,,false,false
1421634,BIOTECNOLOGIA,"INSTITUTO FEDERAL DE EDUCAÇÃO, CIÊNCIA E TECNOLOGIA DE MATO GROSSO",Pública,Presencial,Bacharelado,"Ciências naturais, matemática e estatística",1,4,36,,13.89,,,,,,,,,,false,true
1429318,ESTÉTICA E COSMÉTICA,Faculdade de Tecnologia de Sinop,Privada,Presencial,Tecnológico,Serviços,1,4,12,,25.00,2023,3,2.476,1.671,2.374,0.938,5,4.885,4.811,true,false
1434466,DIREITO,FACULDADE DE NOVA MUTUM,Privada,Presencial,Bacharelado,"Negócios, administração e direito",1,4,16,,43.75,,,,,,,,,,false,false
1438391,CIÊNCIAS DA NATUREZA - BIOLOGIA,"INSTITUTO FEDERAL DE EDUCAÇÃO, CIÊNCIA E TECNOLOGIA DE MATO GROSSO",Pública,Presencial,Licenciatura,Educação,1,4,36,,19.44,2021,3,2.331,1.354,2.53,0.75,5,4.636,4.528,true,true
1440490,ESTÉTICA E COSMÉTICA,Faculdade do Norte de Mato Grosso,Privada,Presencial,Tecnológico,Serviços,1,4,13,,46.15,,,,,,,,,,false,false
1441368,DIREITO,FACULDADE ÁGORA - FAG,Privada,Presencial,Bacharelado,"Negócios, administração e direito",1,4,33,18,54.55,,,,,,,,,,false,true
1441491,ESTÉTICA E COSMÉTICA,FACULDADE UNIBRAS DO MATO GROSSO,Privada,Presencial,Tecnológico,Serviços,1,4,13,,15.38,2023,3,2.806,1.363,1.338,5,5,3.777,3.767,true,false
1441878,DIREITO,INSTITUTO DE ENSINO SUPERIOR DE CUIABÁ,Privada,Presencial,Bacharelado,"Negócios, administração e direito",1,4,47,27,57.45,,,,,,,,,,false,true
1441977,ARQUITETURA E URBANISMO,FACULDADES INTEGRADAS DE RONDONÓPOLIS,Privada,Presencial,Bacharelado,"Engenharia, produção e construção",1,4,16,10,62.50,,,,,,,,,,false,false
1442247,ENFERMAGEM,Faculdade EduCareMT,Privada,Presencial,Bacharelado,Saúde e bem-estar,1,4,16,,37.50,,,,,,,,,,false,false
1444550,GESTÃO DE RECURSOS HUMANOS,"INSTITUTO FEDERAL DE EDUCAÇÃO, CIÊNCIA E TECNOLOGIA DE MATO GROSSO",Pública,Presencial,Tecnológico,"Negócios, administração e direito",1,4,46,,8.70,,,,,,,,,,false,true
1452469,GESTÃO DE RECURSOS HUMANOS,"INSTITUTO FEDERAL DE EDUCAÇÃO, CIÊNCIA E TECNOLOGIA DE MATO GROSSO",Pública,Presencial,Tecnológico,"Negócios, administração e direito",1,4,36,,11.11,2022,2,1.748719582,0.848,1.736960856,0,5,4.290540541,3.641975308,true,true
1453735,BIOMEDICINA,FACULDADE ANHANGUERA DE RONDONÓPOLIS,Privada,Presencial,Bacharelado,Saúde e bem-estar,1,4,138,113,81.88,2023,3,2.933,1.796,2.558,3.5,4.821,3.963,3.997,true,true
1457707,MEDICINA,Centro Universitário Estácio do Pantanal,Privada,Presencial,Bacharelado,Saúde e bem-estar,1,4,49,27,55.10,,,,,,,,,,false,true
1466112,DIREITO,FACULDADE DO VALE DO RIO ARINOS,Privada,Presencial,Bacharelado,"Negócios, administração e direito",1,4,54,35,64.81,,,,,,,,,,false,true
1471877,DIREITO,Faculdade de Nova Mutum,Privada,Presencial,Bacharelado,"Negócios, administração e direito",1,4,86,37,43.02,,,,,,,,,,false,true
1471879,PSICOLOGIA,Faculdade de Nova Mutum,Privada,Presencial,Bacharelado,"Ciências sociais, comunicação e informação",1,4,62,14,22.58,,,,,,,,,,false,true
1484336,EDUCAÇÃO FÍSICA,"INSTITUTO FEDERAL DE EDUCAÇÃO, CIÊNCIA E TECNOLOGIA DE MATO GROSSO",Pública,Presencial,Licenciatura,Educação,1,4,51,,11.76,,,,,,,,,,false,true
1487354,EDUCAÇÃO FÍSICA,CENTRO UNIVERSITÁRIO DO VALE DO ARAGUAIA,Privada,Presencial,Bacharelado,Saúde e bem-estar,1,4,80,44,55.00,,,,,,,,,,false,true
15,GEOLOGIA,UNIVERSIDADE FEDERAL DE MATO GROSSO,Pública,Presencial,Bacharelado,"Ciências naturais, matemática e estatística",2,4,71,,12.68,,,,,,,,,,false,true
1518277,ENGENHARIA ELÉTRICA,"INSTITUTO FEDERAL DE EDUCAÇÃO, CIÊNCIA E TECNOLOGIA DE MATO GROSSO",Pública,Presencial,Bacharelado,"Engenharia, produção e construção",1,4,40,,20.00,,,,,,,,,,false,true
1577617,ADMINISTRAÇÃO,"INSTITUTO FEDERAL DE EDUCAÇÃO, CIÊNCIA E TECNOLOGIA DE MATO GROSSO",Pública,Presencial,Bacharelado,"Negócios, administração e direito",1,4,22,,4.55,,,,,,,,,,false,false
16,ENGENHARIA ELÉTRICA,UNIVERSIDADE FEDERAL DE MATO GROSSO,Pública,Presencial,Bacharelado,"Engenharia, produção e construção",2,4,153,34,22.22,2023,5,4.242,4.18,4.404,4.468,5,3.206,2.928,true,true
16264,LETRAS,Universidade do Estado de Mato Grosso Carlos Alberto Reyes Maldonado - UNEMAT,Pública,Presencial,Licenciatura,Educação,2,4,114,44,38.60,2021,3,2.228,1.34,1.722,2.758,5,2.16,2.396,true,true
16265,PEDAGOGIA,Universidade do Estado de Mato Grosso Carlos Alberto Reyes Maldonado - UNEMAT,Pública,Presencial,Licenciatura,Educação,2,4,116,50,43.10,2021,3,2.171,1.355,1.536,1.944,5,1.764,3.258,true,true
16266,HISTÓRIA,Universidade do Estado de Mato Grosso Carlos Alberto Reyes Maldonado - UNEMAT,Pública,Presencial,Licenciatura,Educação,2,4,97,51,52.58,2021,3,2.723,1.465,2.615,2.608,5,2.347,2.85,true,true
16267,GEOGRAFIA,Universidade do Estado de Mato Grosso Carlos Alberto Reyes Maldonado - UNEMAT,Pública,Presencial,Licenciatura,Educação,2,4,103,52,50.49,2021,3,2.136,0.866,1.69,2.321,5,1.644,2.106,true,true
16268,MATEMÁTICA,Universidade do Estado de Mato Grosso Carlos Alberto Reyes Maldonado - UNEMAT,Pública,Presencial,Licenciatura,Educação,2,4,111,82,73.87,2021,3,2.463,1.484,2.358,2.5,5,1,2.268,true,true
16269,CIÊNCIAS BIOLÓGICAS,Universidade do Estado de Mato Grosso Carlos Alberto Reyes Maldonado - UNEMAT,Pública,Presencial,Licenciatura,Educação,2,4,98,33,33.67,2021,3,2.887,2.159,2.716,3.061,5,2.514,2.691,true,true
16270,LETRAS - PORTUGUÊS E INGLÊS,Universidade do Estado de Mato Grosso Carlos Alberto Reyes Maldonado - UNEMAT,Pública,Presencial,Licenciatura,Educação,2,4,133,61,45.86,2021,3,2.469,2.175,2.455,1.477,5,1.712,1.753,true,true
16271,PEDAGOGIA,Universidade do Estado de Mato Grosso Carlos Alberto Reyes Maldonado - UNEMAT,Pública,Presencial,Licenciatura,Educação,2,4,131,53,40.46,2021,3,2.703,2.282,2.296,2.111,5,2.525,2.795,true,true
16272,MATEMÁTICA,Universidade do Estado de Mato Grosso Carlos Alberto Reyes Maldonado - UNEMAT,Pública,Presencial,Licenciatura,Educação,2,4,115,82,71.30,2021,3,2.407,1.684,2.522,1.833,5,1.952,1.291,true,true
16273,LETRAS - PORTUGUÊS E INGLÊS,Universidade do Estado de Mato Grosso Carlos Alberto Reyes Maldonado - UNEMAT,Pública,Presencial,Licenciatura,Educação,2,4,97,73,75.26,2021,3,2.097,1.244,2.23,1.25,5,1.837,1.815,true,true
16274,LETRAS,Universidade do Estado de Mato Grosso Carlos Alberto Reyes Maldonado - UNEMAT,Pública,Presencial,Licenciatura,Educação,2,4,111,54,48.65,2021,3,2.357,0.765,1.905,2.777,5,3.12,2.896,true,true
16275,CIÊNCIAS BIOLÓGICAS,Universidade do Estado de Mato Grosso Carlos Alberto Reyes Maldonado - UNEMAT,Pública,Presencial,Licenciatura,Educação,2,4,118,78,66.10,2021,3,2.657,1.746,2.559,1.896,5,3.322,3.422,true,true
16276,CIÊNCIAS BIOLÓGICAS,Universidade do Estado de Mato Grosso Carlos Alberto Reyes Maldonado - UNEMAT,Pública,Presencial,Licenciatura,Educação,2,4,102,55,53.92,2021,3,2.715,2.224,2.648,2.125,5,3.379,3.166,true,true
16280,DIREITO,Universidade do Estado de Mato Grosso Carlos Alberto Reyes Maldonado - UNEMAT,Pública,Presencial,Bacharelado,"Negócios, administração e direito",2,4,131,22,16.79,2022,3,2.2528629,2.683,1.850579309,1.363636365,5,0.85955257,1.570778587,true,true
16281,CIÊNCIAS CONTÁBEIS,Universidade do Estado de Mato Grosso Carlos Alberto Reyes Maldonado - UNEMAT,Pública,Presencial,Bacharelado,"Negócios, administração e direito",2,4,95,41,43.16,2022,3,2.695946685,2.369,2.428813738,2.083333335,5,2.032132704,2.826207121,true,true
16817,DIREITO,UNIVERSIDADE DE CUIABÁ,Privada,Presencial,Bacharelado,"Negócios, administração e direito",2,4,2336,1590,68.07,2022,3,2.138688898,1.55,1.566685941,2.631578945,4.03508772,2.034756176,2.71056024,true,true
16819,PEDAGOGIA,UNIVERSIDADE DE CUIABÁ,Privada,Presencial,Licenciatura,Educação,2,4,194,121,62.37,2021,4,3.051,2.64,2.695,4.038,4.792,1.836,1.597,true,true
16824,PSICOLOGIA,UNIVERSIDADE DE CUIABÁ,Privada,Presencial,Bacharelado,"Ciências sociais, comunicação e informação",2,4,543,290,53.41,2022,3,2.070976246,1.417,1.19273187,2.93478261,4.870923916,2.025880387,2.099581209,true,true
16825,FISIOTERAPIA,UNIVERSIDADE DE CUIABÁ,Privada,Presencial,Bacharelado,Saúde e bem-estar,2,4,520,292,56.15,2023,3,2.583,1.721,1.767,2.885,4.865,3.497,3.616,true,true
16826,FARMÁCIA,UNIVERSIDADE DE CUIABÁ,Privada,Presencial,Bacharelado,Saúde e bem-estar,2,4,173,91,52.60,2023,3,2.291,1.362,1.364,3.163,4.592,3.002,3.003,true,true
16827,ODONTOLOGIA,UNIVERSIDADE DE CUIABÁ,Privada,Presencial,Bacharelado,Saúde e bem-estar,2,4,446,147,32.96,2023,3,2.55,1.471,1.663,2.836,4.791,4.095,4.266,true,true
16828,CIÊNCIAS BIOLÓGICAS,UNIVERSIDADE DE CUIABÁ,Privada,Presencial,Licenciatura,Educação,1,4,12,,33.33,,,,,,,,,,false,false
16829,ADMINISTRAÇÃO,UNIVERSIDADE DE CUIABÁ,Privada,Presencial,Bacharelado,"Negócios, administração e direito",2,4,360,199,55.28,2022,4,2.976886161,2.303,2.708254162,3.255813955,4.18604651,2.522351356,2.708894878,true,true
16830,CIÊNCIAS CONTÁBEIS,UNIVERSIDADE DE CUIABÁ,Privada,Presencial,Bacharelado,"Negócios, administração e direito",2,4,365,209,57.26,2022,3,2.747099771,1.815,2.494067209,3.46153846,4.23076923,2.223233795,1.838768613,true,true
16834,MEDICINA VETERINÁRIA,UNIVERSIDADE DE CUIABÁ,Privada,Presencial,Bacharelado,"Agricultura, silvicultura, pesca e veterinária",2,4,375,137,36.53,2023,3,2.203,1.755,1.288,3.611,4.85,1.625,1.2,true,true
16859,ADMINISTRAÇÃO,FACULDADE ANHANGUERA DE RONDONÓPOLIS,Privada,Presencial,Bacharelado,"Negócios, administração e direito",2,4,217,155,71.43,2022,3,2.318762678,0.741,1.506103724,3.25,3.75,2.846474346,4.661344945,true,true
16860,DIREITO,FACULDADE ANHANGUERA DE RONDONÓPOLIS,Privada,Presencial,Bacharelado,"Negócios, administração e direito",2,4,665,380,57.14,2022,3,2.12311909,1.45,1.668969043,2.8125,4.0625,2.367736225,2.0507249,true,true
16863,PEDAGOGIA,Centro Universitário Invest,Privada,Presencial,Licenciatura,Educação,2,4,97,30,30.93,2021,3,2.393,0.975,2.253,0.714,3.076,4.969,4.849,true,true
16867,ADMINISTRAÇÃO,Centro Universitário Invest,Privada,Presencial,Bacharelado,"Negócios, administração e direito",2,4,35,11,31.43,2022,3,2.425629838,1.215,2.086570649,1.363636365,3.636363635,4.675619568,4.842767297,true,true
16868,CIÊNCIAS CONTÁBEIS,Centro Universitário Invest,Privada,Presencial,Bacharelado,"Negócios, administração e direito",2,4,124,53,42.74,2022,2,1.759652003,1.112,0.577640229,1.363636365,3.636363635,3.905225783,3.855761852,true,true
16945,CIÊNCIAS CONTÁBEIS,CENTRO UNIVERSITÁRIO DE VÁRZEA GRANDE,Privada,Presencial,Bacharelado,"Negócios, administração e direito",2,4,284,162,57.04,2022,4,3.824509385,3.284,3.428578511,3.18181818,5,4.965859433,4.931419567,true,true
16946,ADMINISTRAÇÃO,CENTRO UNIVERSITÁRIO DE VÁRZEA GRANDE,Privada,Presencial,Bacharelado,"Negócios, administração e direito",2,4,217,161,74.19,2022,4,3.530323033,2.914,2.763867802,3.5,4.5,5,4.911209768,true,true
16953,ADMINISTRAÇÃO,FACULDADES INTEGRADAS DE DIAMANTINO,Privada,Presencial,Bacharelado,"Negócios, administração e direito",2,4,48,,18.75,,,,,,,,,,false,true
16964,CIÊNCIAS CONTÁBEIS,FACULDADE DE CIÊNCIAS SOCIAIS APLICADAS DO VALE DO SÃO LOURENÇO,Privada,Presencial,Bacharelado,"Negócios, administração e direito",2,4,52,13,25.00,2022,3,2.868959309,2.136,2.263546108,1.42857143,5,5,4.994194248,true,true
17,ENFERMAGEM,UNIVERSIDADE FEDERAL DE MATO GROSSO,Pública,Presencial,Bacharelado,Saúde e bem-estar,2,4,112,18,16.07,2023,4,3.784,3.846,3.562,4.49,5,2.173,2.62,true,true
17052,ADMINISTRAÇÃO,Universidade do Estado de Mato Grosso Carlos Alberto Reyes Maldonado - UNEMAT,Pública,Presencial,Bacharelado,"Negócios, administração e direito",2,4,260,137,52.69,2022,4,3.056765889,2.491,2.97898951,2,5,3.235830983,3.417728324,true,true
17053,CIÊNCIAS CONTÁBEIS,Universidade do Estado de Mato Grosso Carlos Alberto Reyes Maldonado - UNEMAT,Pública,Presencial,Bacharelado,"Negócios, administração e direito",2,4,133,53,39.85,2022,4,3.055534305,2.672,2.776948633,1.515151515,5,4.329513849,4.258744284,true,true
17056,LETRAS,Universidade do Estado de Mato Grosso Carlos Alberto Reyes Maldonado - UNEMAT,Pública,Presencial,Licenciatura,Educação,2,4,119,57,47.90,2021,3,2.521,1.701,2.041,2.666,5,2.618,3.461,true,true
17118,ADMINISTRAÇÃO,CENTRO UNIVERSITÁRIO DO VALE DO ARAGUAIA,Privada,Presencial,Bacharelado,"Negócios, administração e direito",2,4,74,40,54.05,,,,,,,,,,false,true
17119,CIÊNCIAS CONTÁBEIS,CENTRO UNIVERSITÁRIO DO VALE DO ARAGUAIA,Privada,Presencial,Bacharelado,"Negócios, administração e direito",2,4,96,39,40.63,,,,,,,,,,false,true
17120,PEDAGOGIA,CENTRO UNIVERSITÁRIO DO VALE DO ARAGUAIA,Privada,Presencial,Licenciatura,Educação,2,4,79,23,29.11,,,,,,,,,,false,true
17231,PEDAGOGIA,FACULDADES INTEGRADAS DE VÁRZEA GRANDE,Privada,Presencial,Licenciatura,Educação,1,4,80,80,100.00,,,,,,,,,,false,true
17313,DIREITO,Faculdade Católica de Várzea Grande,Privada,Presencial,Bacharelado,"Negócios, administração e direito",2,4,217,88,40.55,2022,2,1.488542275,1.093,1.567148585,0,3.157894735,1.765685994,2.60609918,true,true
17594,DIREITO,CENTRO UNIVERSITÁRIO DE VÁRZEA GRANDE,Privada,Presencial,Bacharelado,"Negócios, administração e direito",2,4,1297,541,41.71,2022,4,3.416275104,2.721,3.275564151,2.5,4.5,4.906330846,4.787933372,true,true
17711,CIÊNCIAS CONTÁBEIS,FACULDADE DE ALTA FLORESTA,Privada,Presencial,Bacharelado,"Negócios, administração e direito",1,4,10,10,100.00,2022,3,2.484038551,1.42,2.662538207,1.666666665,5,2.389384559,2.464784873,true,false
18281,ADMINISTRAÇÃO,Faculdade Católica de Várzea Grande,Privada,Presencial,Bacharelado,"Negócios, administração e direito",2,4,62,28,45.16,2022,2,1.646368704,1.657,1.25955292,0,3.18181818,2.346087491,2.812376304,true,true
18354,MATEMÁTICA,UNIVERSIDADE FEDERAL DE MATO GROSSO,Pública,Presencial,Licenciatura,Educação,2,4,70,29,41.43,2021,3,2.895,1.924,2.347,5,5,1.546,0.652,true,true
18471,ARQUITETURA E URBANISMO,UNIVERSIDADE DE CUIABÁ,Privada,Presencial,Bacharelado,"Engenharia, produção e construção",2,4,456,209,45.83,2023,3,2.289,1.523,1.459,3.684,4.605,1.792,1.958,true,true
18472,MEDICINA,UNIVERSIDADE DE CUIABÁ,Privada,Presencial,Bacharelado,Saúde e bem-estar,2,4,318,55,17.30,2023,3,2.488,2.439,2.839,0.727,2.967,3.611,3.951,true,true
18473,ENFERMAGEM,UNIVERSIDADE DE CUIABÁ,Privada,Presencial,Bacharelado,Saúde e bem-estar,2,4,465,297,63.87,2023,3,2.409,1.612,2.074,2.843,4.869,1.596,1.627,true,true
19,EDUCAÇÃO FÍSICA,UNIVERSIDADE FEDERAL DE MATO GROSSO,Pública,Presencial,Licenciatura,Educação,2,4,102,18,17.65,2021,4,3.383,2.807,2.324,4.615,5,3.866,3.621,true,true
19592,CIÊNCIAS CONTÁBEIS,FACULDADES INTEGRADAS DE DIAMANTINO,Privada,Presencial,Bacharelado,"Negócios, administração e direito",2,4,48,,12.50,2022,2,1.220810073,0.807,0.797634241,0,3.333333335,3.504317968,3.573699252,true,true
19594,PEDAGOGIA,CENTRO UNIVERSITÁRIO DE VÁRZEA GRANDE,Privada,Presencial,Licenciatura,Educação,2,4,79,50,63.29,2021,4,3.875,2.545,4.143,4.09,4.51,4.622,4.293,true,true
19595,SISTEMA DE INFORMAÇÃO,CENTRO UNIVERSITÁRIO DE VÁRZEA GRANDE,Privada,Presencial,Bacharelado,Computação e Tecnologias da Informação e Comunicação (TIC),2,4,81,45,55.56,2021,5,4.509,3.651,5,3.571,5,4.919,4.971,true,true
19721,ADMINISTRAÇÃO,CENTRO UNIVERSITÁRIO UNIC,Privada,Presencial,Bacharelado,"Negócios, administração e direito",1,4,86,77,89.53,,,,,,,,,,false,true
19724,PEDAGOGIA,CENTRO UNIVERSITÁRIO UNIC,Privada,Presencial,Licenciatura,Educação,1,4,55,17,30.91,,,,,,,,,,false,true
19726,CIÊNCIAS CONTÁBEIS,CENTRO UNIVERSITÁRIO UNIC,Privada,Presencial,Bacharelado,"Negócios, administração e direito",1,4,192,60,31.25,,,,,,,,,,false,true
19730,DIREITO,CENTRO UNIVERSITÁRIO UNIC,Privada,Presencial,Bacharelado,"Negócios, administração e direito",2,4,471,276,58.60,2022,3,2.208040547,2.069,0,2.38095238,3.88888889,1.684171365,1.298274771,true,true
19759,PEDAGOGIA,FACULDADE ANHANGUERA DE TANGARÁ DA SERRA,Privada,Presencial,Licenciatura,Educação,1,4,36,,19.44,2021,3,2.906,1.545,2.1,4.347,5,4.054,3.679,true,true
19761,ADMINISTRAÇÃO,FACULDADE ANHANGUERA DE TANGARÁ DA SERRA,Privada,Presencial,Bacharelado,"Negócios, administração e direito",2,4,65,41,63.08,2022,SC,,0,0,4.48275862,4.655172415,0,0,true,true
19917,CIÊNCIAS CONTÁBEIS,FACULDADE ANHANGUERA DE TANGARÁ DA SERRA,Privada,Presencial,Bacharelado,"Negócios, administração e direito",2,4,77,37,48.05,2022,SC,,0,0,4.48275862,4.655172415,0,0,true,true
19918,CIÊNCIAS CONTÁBEIS,"FACULDADE ANHANGUERA DE CIÊNCIAS JURÍDICAS, GERENCIAIS E EDUCAÇÃO DE SINOP",Privada,Presencial,Bacharelado,"Negócios, administração e direito",2,4,105,52,49.52,2022,SC,,0,0,4.48275862,4.655172415,1.995630007,3.902713072,true,true
19934,CIÊNCIAS CONTÁBEIS,FACULDADES INTEGRADAS DE RONDONÓPOLIS,Privada,Presencial,Bacharelado,"Negócios, administração e direito",2,4,86,60,69.77,2022,3,2.636844759,1.517,1.56833677,3.75,5,3.627756075,3.399196128,true,true
2,CIÊNCIAS ECONÔMICAS,UNIVERSIDADE FEDERAL DE MATO GROSSO,Pública,Presencial,Bacharelado,"Ciências sociais, comunicação e informação",2,4,229,44,19.21,2022,3,2.565726649,1.772,1.249232733,4.523809525,5,2.976063492,2.041836735,true,true
20,NUTRIÇÃO,UNIVERSIDADE FEDERAL DE MATO GROSSO,Pública,Presencial,Bacharelado,Saúde e bem-estar,2,4,115,11,9.57,2023,4,3.47,3.985,3.023,3.913,5,2.114,1.883,true,true
20016,ODONTOLOGIA,CENTRO UNIVERSITÁRIO DE VÁRZEA GRANDE,Privada,Presencial,Bacharelado,Saúde e bem-estar,2,4,275,78,28.36,2023,4,3.7,2.954,3.267,3.939,5,4.255,4.275,true,true
20132,ADMINISTRAÇÃO,FACULDADE DE CIÊNCIAS SOCIAIS APLICADAS DO VALE DO SÃO LOURENÇO,Privada,Presencial,Bacharelado,"Negócios, administração e direito",1,4,26,,30.77,2022,2,1.905587719,0.527,0.263465287,1.666666665,5,5,5,true,false
20144,AGRONOMIA,CENTRO UNIVERSITÁRIO DE VÁRZEA GRANDE,Privada,Presencial,Bacharelado,"Agricultura, silvicultura, pesca e veterinária",2,4,149,67,44.97,2023,4,3.663,3.422,2.943,3.852,3.878,4.726,4.673,true,true
20178,SISTEMAS DE INFORMAÇÃO,UNIVERSIDADE DE CUIABÁ,Privada,Presencial,Bacharelado,Computação e Tecnologias da Informação e Comunicação (TIC),2,4,76,29,38.16,2021,SC,,,,5,5,2.659,2.166,true,true
20356,ADMINISTRAÇÃO,"FACULDADE ANHANGUERA DE CIÊNCIAS JURÍDICAS, GERENCIAIS E EDUCAÇÃO DE SINOP",Privada,Presencial,Bacharelado,"Negócios, administração e direito",2,4,42,23,54.76,2022,SC,,0,0,4.48275862,4.655172415,4.320345758,3.780841801,true,true
20472,PEDAGOGIA,FACULDADE DE GUARANTÃ DO NORTE,Privada,Presencial,Licenciatura,Educação,2,4,132,32,24.24,2021,3,2.37,1.649,2.498,0.454,5,2.34,2.239,true,true
20473,ADMINISTRAÇÃO,FACULDADE DE GUARANTÃ DO NORTE,Privada,Presencial,Bacharelado,"Negócios, administração e direito",1,4,88,28,31.82,,,,,,,,,,false,true
20474,CIÊNCIAS CONTÁBEIS,FACULDADE CATÓLICA RAINHA DA PAZ DE ARAPUTANGA,Privada,Presencial,Bacharelado,"Negócios, administração e direito",2,4,71,,7.04,2022,3,1.97114678,1.464,1.474425507,1.53846154,4.615384615,2.155225005,2.345363324,true,true
20714,ADMINISTRAÇÃO,FACULDADE CATÓLICA RAINHA DA PAZ DE ARAPUTANGA,Privada,Presencial,Bacharelado,"Negócios, administração e direito",1,4,21,,28.57,,,,,,,,,,false,false
20757,DIREITO,FACULDADE ANHANGUERA DE TANGARÁ DA SERRA,Privada,Presencial,Bacharelado,"Negócios, administração e direito",2,4,525,256,48.76,2022,3,2.934539184,1.99,3.096638577,3.714285715,4.285714285,1.862589896,2.015381446,true,true
20874,LETRAS - PORTUGUÊS E ESPANHOL,UNIVERSIDADE DE CUIABÁ,Privada,Presencial,Licenciatura,Educação,1,4,29,,27.59,,,,,,,,,,false,false
21,CIÊNCIAS CONTÁBEIS,Universidade Federal de Rondonópolis,Pública,Presencial,Bacharelado,"Negócios, administração e direito",2,4,157,14,8.92,2022,3,2.12043536,1.731,1.082253214,2.24137931,5,2.586517668,2.650353394,true,true
21264,PEDAGOGIA,FACULDADE DE CIÊNCIAS SOCIAIS APLICADAS DO VALE DO SÃO LOURENÇO,Privada,Presencial,Licenciatura,Educação,1,4,16,,25.00,2021,4,4.077,3.513,5,0.833,5,5,5,true,false
21442,FARMÁCIA,UNIVERSIDADE FEDERAL DE MATO GROSSO,Pública,Presencial,Bacharelado,Saúde e bem-estar,2,4,72,11,15.28,2023,3,2.754,2.09,1.897,4.5,5,1.966,1.76,true,true
21552,ADMINISTRAÇÃO,FACULDADES INTEGRADAS DE RONDONÓPOLIS,Privada,Presencial,Bacharelado,"Negócios, administração e direito",2,4,41,24,58.54,2022,2,1.708686138,0.034,0,3.333333335,5,3.269971023,2.751572328,true,true
22118,LETRAS PORTUGUÊS E INGLÊS,UNIVERSIDADE FEDERAL DE MATO GROSSO,Pública,Presencial,Licenciatura,Educação,2,4,52,,13.46,2021,4,3.094,3.513,1.911,3.888,5,2.534,2.885,true,true
22837,LETRAS - LÍNGUA PORTUGUESA,Universidade Federal de Rondonópolis,Pública,Presencial,Licenciatura,Educação,2,4,57,,10.53,2021,SC,,,,3.333,5,,,true,true
23,PEDAGOGIA,Universidade Federal de Rondonópolis,Pública,Presencial,Licenciatura,Educação,2,4,84,,9.52,2021,4,3.481,3.102,2.606,4.285,5,3.533,3.764,true,true
24,GEOGRAFIA,Universidade Federal de Rondonópolis,Pública,Presencial,Licenciatura,Educação,2,4,77,,9.09,2021,3,2.915,2.424,3.067,2.307,5,2.573,2.773,true,true
24211,PUBLICIDADE E PROPAGANDA,CENTRO UNIVERSITÁRIO UNIC,Privada,Presencial,Bacharelado,"Negócios, administração e direito",2,4,114,56,49.12,2022,SC,,0,0,4.11764706,4.019607844,2.823270277,2.343750001,true,true
25,HISTÓRIA,Universidade Federal de Rondonópolis,Pública,Presencial,Licenciatura,Educação,2,4,54,12,22.22,2021,4,3.3,2.436,3.012,4.062,5,3.282,2.158,true,true
25902,LETRAS PORTUGUÊS E FRANCÊS,UNIVERSIDADE FEDERAL DE MATO GROSSO,Pública,Presencial,Licenciatura,Educação,2,4,44,,11.36,,,,,,,,,,false,true
25903,LETRAS - PORTUGUÊS E LITERATURAS,UNIVERSIDADE FEDERAL DE MATO GROSSO,Pública,Presencial,Licenciatura,Educação,2,4,46,,8.70,2021,3,2.343,2.706,0.942,3.571,5,1.243,1.439,true,true
25949,LETRAS - LÍNGUA PORTUGUESA E LITERATURAS DE LíNGUA PORTUGUESA,UNIVERSIDADE FEDERAL DE MATO GROSSO,Pública,Presencial,Licenciatura,Educação,2,4,84,25,29.76,2021,3,2.881,2.724,1.968,3.888,5,2.08,2.961,true,true
26,MATEMÁTICA,UNIVERSIDADE FEDERAL DE MATO GROSSO,Pública,Presencial,Licenciatura,Educação,2,4,102,31,30.39,2021,3,2.875,2.055,2.104,4.342,5,2.13,1.876,true,true
26025,LETRAS PORTUGUÊS E ESPANHOL E RESPECTIVAS LITERATURAS,UNIVERSIDADE FEDERAL DE MATO GROSSO,Pública,Presencial,Licenciatura,Educação,2,4,47,,10.64,2021,3,2.863,2.919,2.455,4.333,5,0,0,true,true
27,FÍSICA,UNIVERSIDADE FEDERAL DE MATO GROSSO,Pública,Presencial,Licenciatura,Educação,2,4,172,67,38.95,2021,3,2.691,2.024,1.291,4.615,5,2.611,2.424,true,true
29,CIÊNCIAS BIOLÓGICAS,UNIVERSIDADE FEDERAL DE MATO GROSSO,Pública,Presencial,Licenciatura,Educação,2,4,75,22,29.33,2021,4,3.263,2.751,2.47,4.642,5,2.802,2.596,true,true
3,ENGENHARIA CIVIL,UNIVERSIDADE FEDERAL DE MATO GROSSO,Pública,Presencial,Bacharelado,"Engenharia, produção e construção",2,4,102,11,10.78,2023,4,3.429,4.352,4.207,2.955,5,0.019,0,true,true
30537,LETRAS - PORTUGUÊS E INGLÊS,CENTRO UNIVERSITÁRIO DE VÁRZEA GRANDE,Privada,Presencial,Licenciatura,Educação,2,4,24,16,66.67,2021,5,4.087,2.436,4.171,4.444,5,5,4.749,true,false
31373,COMUNICAÇÃO SOCIAL  - RADIALISMO,UNIVERSIDADE FEDERAL DE MATO GROSSO,Pública,Presencial,Bacharelado,"Ciências sociais, comunicação e informação",1,4,26,,19.23,,,,,,,,,,false,false
32,CIÊNCIAS BIOLÓGICAS,Universidade Federal de Rondonópolis,Pública,Presencial,Licenciatura,Educação,2,4,57,,10.53,2021,3,2.539,1.686,1.752,3.409,5,2.744,2.125,true,true
34,MATEMÁTICA,Universidade Federal de Rondonópolis,Pública,Presencial,Licenciatura,Educação,2,4,84,22,26.19,2021,3,2.18,1.409,1.297,3.4,5,0.721,1.538,true,true
35878,CIÊNCIAS BIOLÓGICAS,CENTRO UNIVERSITÁRIO DE VÁRZEA GRANDE,Privada,Presencial,Bacharelado,"Ciências naturais, matemática e estatística",1,4,15,,53.33,2021,5,4.374,3.439,5,3.181,5,4.798,4.812,true,false
36,CIÊNCIA DA COMPUTAÇÃO,UNIVERSIDADE FEDERAL DE MATO GROSSO,Pública,Presencial,Bacharelado,Computação e Tecnologias da Informação e Comunicação (TIC),2,4,88,19,21.59,2021,4,3.037,2.695,2.444,4.705,5,1.883,0.56,true,true
37,MEDICINA VETERINÁRIA,UNIVERSIDADE FEDERAL DE MATO GROSSO,Pública,Presencial,Bacharelado,"Agricultura, silvicultura, pesca e veterinária",2,4,116,17,14.66,2023,4,3.109,3.599,2.08,4.621,5,2.045,1.455,true,true
40677,COMUNICAÇÃO SOCIAL - PUBLICIDADE E PROPAGANDA,CENTRO UNIVERSITÁRIO DE VÁRZEA GRANDE,Privada,Presencial,Bacharelado,"Negócios, administração e direito",2,4,81,49,60.49,2022,4,3.674209468,3.667,3.360950587,3,4.444444444,4.596901903,4.427083333,true,true
407852,EDUCAÇÃO FÍSICA,FACULDADE CENTRO MATO-GROSSENSE,Privada,Presencial,Bacharelado,Saúde e bem-estar,1,4,52,12,23.08,2021,3,2.074,1.354,2.191,0.625,1.428,4.707,4.7,true,true
41673,BIBLIOTECONOMIA,Universidade Federal de Rondonópolis,Pública,Presencial,Bacharelado,"Ciências sociais, comunicação e informação",2,4,43,,18.60,,,,,,,,,,false,true
41690,CIÊNCIAS BIOLÓGICAS,UNIVERSIDADE FEDERAL DE MATO GROSSO,Pública,Presencial,Licenciatura,Educação,2,4,77,29,37.66,2021,3,2.885,2.355,2.13,4.166,5,2.679,2.158,true,true
43037,MATEMÁTICA,Universidade do Estado de Mato Grosso Carlos Alberto Reyes Maldonado - UNEMAT,Pública,Presencial,Licenciatura,Educação,2,4,104,68,65.38,2021,3,2.545,1.227,2.443,1.842,5,3.287,3.152,true,true
43044,CIÊNCIA DA COMPUTAÇÃO,Universidade do Estado de Mato Grosso Carlos Alberto Reyes Maldonado - UNEMAT,Pública,Presencial,Bacharelado,Computação e Tecnologias da Informação e Comunicação (TIC),2,4,117,72,61.54,2021,3,2.06,1.171,2.615,0.882,5,2.177,1.533,true,true
44,ARQUITETURA E URBANISMO,UNIVERSIDADE FEDERAL DE MATO GROSSO,Pública,Presencial,Bacharelado,"Engenharia, produção e construção",2,4,117,13,11.11,2023,4,3.507,4.191,3.488,2.917,5,1.396,2.64,true,true
44461,ADMINISTRAÇÃO,Universidade do Estado de Mato Grosso Carlos Alberto Reyes Maldonado - UNEMAT,Pública,Presencial,Bacharelado,"Negócios, administração e direito",2,4,125,50,40.00,2022,4,3.052038975,2.339,3.08184896,1.75,5,3.998609353,3.602753697,true,true
46183,PUBLICIDADE E PROPAGANDA,UNIVERSIDADE DE CUIABÁ,Privada,Presencial,Bacharelado,"Negócios, administração e direito",1,4,72,27,37.50,,,,,,,,,,false,true
46972,CIÊNCIA DA COMPUTAÇÃO,CENTRO UNIVERSITÁRIO UNIC,Privada,Presencial,Bacharelado,Computação e Tecnologias da Informação e Comunicação (TIC),2,4,112,59,52.68,2021,2,1.667,1.111,1.365,3.235,3.298,0.967,0.659,true,true
47922,CIÊNCIAS CONTÁBEIS,FACULDADE ANHANGUERA DE PRIMAVERA DO LESTE,Privada,Presencial,Bacharelado,"Negócios, administração e direito",2,4,119,57,47.90,2022,4,3.014136193,1.925,2.34077537,4.0625,4.375,3.725418792,3.661551109,true,true
48299,ADMINISTRAÇÃO,Universidade do Estado de Mato Grosso Carlos Alberto Reyes Maldonado - UNEMAT,Pública,Presencial,Bacharelado,"Negócios, administração e direito",2,4,128,55,42.97,2022,3,1.970212869,1.894,1.540620603,0,5,2.347041638,2.878362976,true,true
48302,DIREITO,Universidade do Estado de Mato Grosso Carlos Alberto Reyes Maldonado - UNEMAT,Pública,Presencial,Bacharelado,"Negócios, administração e direito",2,4,139,27,19.42,2022,3,2.433344209,2.695,2.455560549,0.227272725,5,2.472723658,2.722104233,true,true
48385,ADMINISTRAÇÃO,FACULDADE ANHANGUERA DE PRIMAVERA DO LESTE,Privada,Presencial,Bacharelado,"Negócios, administração e direito",2,4,121,58,47.93,2022,2,1.529065828,0.395,0,3.714285715,4.285714285,0.566800743,0.449927433,true,true
49045,CIÊNCIAS CONTÁBEIS,FACULDADE ANHANGUERA DE RONDONÓPOLIS,Privada,Presencial,Bacharelado,"Negócios, administração e direito",2,4,195,123,63.08,2022,3,2.273909485,1.445,2.222632216,3.93939394,4.24242424,0,0,true,true
49094,AGRONOMIA,FACULDADE ANHANGUERA DE RONDONÓPOLIS,Privada,Presencial,Bacharelado,"Agricultura, silvicultura, pesca e veterinária",2,4,472,280,59.32,2023,2,1.732,1.229,0.196,3.626,4.799,2.251,2.128,true,true
5000750,PSICOLOGIA,Centro Universitário FASIPE,Privada,Presencial,Bacharelado,"Ciências sociais, comunicação e informação",2,4,120,37,30.83,2022,3,1.966440126,2.007,2.865064849,0.625,2.216796874,0.698232816,0.732858244,true,true
5000953,DIREITO,INSTITUTO CUIABÁ DE ENSINO E CULTURA,Privada,Presencial,Bacharelado,"Negócios, administração e direito",2,4,293,184,62.80,2022,2,1.63952507,1.645,1.974722928,0.416666665,1.25,2.589699023,2.719562953,true,true
5001033,MEDICINA,CENTRO UNIVERSITÁRIO DE VÁRZEA GRANDE,Privada,Presencial,Bacharelado,Saúde e bem-estar,2,4,279,48,17.20,2023,4,3.27,2.978,3.242,1.988,4.742,3.979,3.864,true,true
5001171,GESTÃO DE RECURSOS HUMANOS,FACULDADE DE TECNOLOGIA SENAI MATO GROSSO,Privada,Presencial,Tecnológico,"Negócios, administração e direito",2,4,68,40,58.82,2022,3,2.858187273,2.65,2.785933483,0.90909091,4.545454545,3.630405406,3.666666668,true,true
5001172,ANÁLISE E DESENVOLVIMENTO DE SISTEMAS,FACULDADE DE TECNOLOGIA SENAI MATO GROSSO,Privada,Presencial,Tecnológico,Computação e Tecnologias da Informação e Comunicação (TIC),2,4,106,68,64.15,2021,3,2.666,1.985,2.546,1.666,5,3.857,3.275,true,true
5001173,ALIMENTOS,FACULDADE DE TECNOLOGIA SENAI MATO GROSSO,Privada,Presencial,Tecnológico,"Engenharia, produção e construção",2,4,58,32,55.17,,,,,,,,,,false,true
5001245,CIÊNCIAS BIOLÓGICAS,UNIVERSIDADE DE CUIABÁ,Privada,Presencial,Bacharelado,"Ciências naturais, matemática e estatística",1,4,29,11,37.93,,,,,,,,,,false,false
5001274,LOGÍSTICA,FACULDADE DE TECNOLOGIA SENAI MATO GROSSO,Privada,Presencial,Tecnológico,"Negócios, administração e direito",2,4,115,61,53.04,2022,3,2.453335713,1.781,2.04347766,0.555555555,4.444444445,4.382352942,4.183238637,true,true
5001296,REDES DE COMPUTADORES,FACULDADE DE TECNOLOGIA SENAI MATO GROSSO,Privada,Presencial,Tecnológico,Computação e Tecnologias da Informação e Comunicação (TIC),1,4,34,20,58.82,2021,3,1.983,2.111,1.026,0.909,5,2.925,2.459,true,true
5001515,AUTOMAÇÃO INDUSTRIAL,FACULDADE DE TECNOLOGIA SENAI MATO GROSSO,Privada,Presencial,Tecnológico,"Engenharia, produção e construção",1,4,48,32,66.67,,,,,,,,,,false,true
5001520,AGROCOMPUTAÇÃO,FACULDADE DE TECNOLOGIA SENAI MATO GROSSO,Privada,Presencial,Tecnológico,Computação e Tecnologias da Informação e Comunicação (TIC),1,4,61,47,77.05,,,,,,,,,,false,true
5001522,AGROCOMPUTAÇÃO,FACULDADE DE TECNOLOGIA SENAI MATO GROSSO,Privada,Presencial,Tecnológico,Computação e Tecnologias da Informação e Comunicação (TIC),1,4,24,17,70.83,,,,,,,,,,false,false
51549,ADMINISTRAÇÃO,Faculdade FASIPE,Privada,Presencial,Bacharelado,"Negócios, administração e direito",2,4,46,26,56.52,2022,4,2.946615339,2.666,3.151586935,1.03448276,4.137931035,3.88494226,4.186320756,true,true
51558,ENFERMAGEM,Universidade do Estado de Mato Grosso Carlos Alberto Reyes Maldonado - UNEMAT,Pública,Presencial,Bacharelado,Saúde e bem-estar,2,4,127,48,37.80,2023,4,3.447,3.326,4.034,2.234,5,2.418,3.132,true,true
51609,AGRONOMIA,Universidade do Estado de Mato Grosso Carlos Alberto Reyes Maldonado - UNEMAT,Pública,Presencial,Bacharelado,"Agricultura, silvicultura, pesca e veterinária",2,4,111,31,27.93,2023,3,2.928,2.232,2.318,4.206,5,1.678,1.913,true,true
51611,ADMINISTRAÇÃO,CENTRO UNIVERSITÁRIO LA SALLE,Privada,Presencial,Bacharelado,"Negócios, administração e direito",2,4,117,68,58.12,2022,3,2.618510661,2.065,0,1.923076925,3.846153845,4.064703084,2.971698113,true,true
51613,AGRONOMIA,Universidade do Estado de Mato Grosso Carlos Alberto Reyes Maldonado - UNEMAT,Pública,Presencial,Bacharelado,"Agricultura, silvicultura, pesca e veterinária",2,4,139,26,18.71,2023,4,3.019,2.531,2.049,3.872,5,3.095,3.082,true,true
51615,CIÊNCIAS CONTÁBEIS,CENTRO UNIVERSITÁRIO LA SALLE,Privada,Presencial,Bacharelado,"Negócios, administração e direito",2,4,139,76,54.68,2022,4,3.42164515,2.947,3.610501459,1.42857143,4.285714285,4.494000843,4.206704071,true,true
51618,CIÊNCIAS ECONÔMICAS,Universidade do Estado de Mato Grosso Carlos Alberto Reyes Maldonado - UNEMAT,Pública,Presencial,Bacharelado,"Ciências sociais, comunicação e informação",2,4,93,49,52.69,2022,3,2.414303515,1.468,2.096848964,2.5,5,1.905528084,1.962335505,true,true
51622,ENGENHARIA DE PRODUÇÃO AGROINDUSTRIAL,Universidade do Estado de Mato Grosso Carlos Alberto Reyes Maldonado - UNEMAT,Pública,Presencial,Bacharelado,"Engenharia, produção e construção",2,4,102,56,54.90,2023,4,3.331,1.63,3.462,2.931,5,3.97,4.069,true,true
51628,ARQUITETURA E URBANISMO,Universidade do Estado de Mato Grosso Carlos Alberto Reyes Maldonado - UNEMAT,Pública,Presencial,Bacharelado,"Engenharia, produção e construção",2,4,119,30,25.21,,,,,,,,,,false,true
51638,AGRONOMIA,Universidade do Estado de Mato Grosso Carlos Alberto Reyes Maldonado - UNEMAT,Pública,Presencial,Bacharelado,"Agricultura, silvicultura, pesca e veterinária",2,4,107,31,28.97,2023,4,2.98,1.971,2.27,3.469,5,3.393,3.482,true,true
51648,ENGENHARIA FLORESTAL,Universidade do Estado de Mato Grosso Carlos Alberto Reyes Maldonado - UNEMAT,Pública,Presencial,Bacharelado,"Agricultura, silvicultura, pesca e veterinária",2,4,82,51,62.20,2023,4,2.966,1.196,2.533,2.6,5,4.723,4.633,true,true
51719,ADMINISTRAÇÃO,FACULDADE ANHANGUERA DE SORRISO,Privada,Presencial,Bacharelado,"Negócios, administração e direito",2,4,144,80,55.56,2022,3,2.692906843,1.331,1.877289243,4.09090909,4.393939395,3.633277109,3.113207548,true,true
51761,TURISMO,FACULDADE CATÓLICA DE CUIABÁ,Privada,Presencial,Bacharelado,Serviços,1,4,30,,13.33,,,,,,,,,,false,true
51770,CIÊNCIAS CONTÁBEIS,CENTRO UNIVERSITÁRIO CATHEDRAL,Privada,Presencial,Bacharelado,"Negócios, administração e direito",2,4,133,73,54.89,2022,4,3.042481614,3.605,2.906729078,1.81818182,5,2.021741219,1.845383818,true,true
52216,FISIOTERAPIA,CENTRO UNIVERSITÁRIO DE VÁRZEA GRANDE,Privada,Presencial,Bacharelado,Saúde e bem-estar,2,4,273,143,52.38,2023,5,4.182,3.614,4.176,3.571,4.5,5,5,true,true
52233,FARMÁCIA,CENTRO UNIVERSITÁRIO DE VÁRZEA GRANDE,Privada,Presencial,Bacharelado,Saúde e bem-estar,2,4,95,43,45.26,2023,4,3.662,3.348,2.669,4.667,4.556,4.438,4.17,true,true
53352,ADMINISTRAÇÃO,CENTRO UNIVERSITÁRIO CATHEDRAL,Privada,Presencial,Bacharelado,"Negócios, administração e direito",2,4,107,48,44.86,2022,3,2.761613902,2.004,2.355395215,1.81818182,5,3.354592004,3.630024611,true,true
53900,ADMINISTRAÇÃO,INSTITUTO CUIABÁ DE ENSINO E CULTURA,Privada,Presencial,Bacharelado,"Negócios, administração e direito",1,4,99,68,68.69,,,,,,,,,,false,true
53910,CIÊNCIAS CONTÁBEIS,INSTITUTO CUIABÁ DE ENSINO E CULTURA,Privada,Presencial,Bacharelado,"Negócios, administração e direito",1,4,96,58,60.42,,,,,,,,,,false,true
54737,COMUNICAÇÃO SOCIAL - PUBLICIDADE E PROPAGANDA,INSTITUTO CUIABÁ DE ENSINO E CULTURA,Privada,Presencial,Bacharelado,"Negócios, administração e direito",1,4,13,13,100.00,,,,,,,,,,false,false
56912,PEDAGOGIA,FACULDADE ANHANGUERA DE RONDONÓPOLIS,Privada,Presencial,Licenciatura,Educação,2,4,145,83,57.24,2021,3,2.53,1.425,2.122,3.888,4.202,2.754,1.88,true,true
58506,CIÊNCIAS BIOLÓGICAS,Universidade do Estado de Mato Grosso Carlos Alberto Reyes Maldonado - UNEMAT,Pública,Presencial,Licenciatura,Educação,2,4,106,72,67.92,2021,4,3,2.491,2.969,3.152,5,2.069,2.266,true,true
58508,ADMINISTRAÇÃO,Universidade do Estado de Mato Grosso Carlos Alberto Reyes Maldonado - UNEMAT,Pública,Presencial,Bacharelado,"Negócios, administração e direito",2,4,155,72,46.45,2022,3,2.692942713,2.565,2.510084602,1.515151515,5,2.02417662,2.434982152,true,true
58512,TURISMO,Universidade do Estado de Mato Grosso Carlos Alberto Reyes Maldonado - UNEMAT,Pública,Presencial,Bacharelado,Serviços,2,4,79,49,62.03,2022,3,2.611529526,1.398,2.348539008,1.923076925,5,3.37892791,3.632643536,true,true
58744,CONTROLE DE OBRAS,"INSTITUTO FEDERAL DE EDUCAÇÃO, CIÊNCIA E TECNOLOGIA DE MATO GROSSO",Pública,Presencial,Tecnológico,"Engenharia, produção e construção",2,4,51,17,33.33,,,,,,,,,,false,true
59116,FISIOTERAPIA,INSTITUTO CUIABÁ DE ENSINO E CULTURA,Privada,Presencial,Bacharelado,Saúde e bem-estar,2,4,165,119,72.12,2023,2,1.466,0.827,1.206,1.25,1.5,3.638,4.092,true,true
59482,DIREITO,INSTITUTO CUIABÁ DE ENSINO E CULTURA,Privada,Presencial,Bacharelado,"Negócios, administração e direito",1,4,295,184,62.37,,,,,,,,,,false,true
6,PEDAGOGIA,UNIVERSIDADE FEDERAL DE MATO GROSSO,Pública,Presencial,Licenciatura,Educação,2,4,196,18,9.18,2021,4,3.955,4.803,4.085,4.285,5,1.734,0.641,true,true
60050,ANÁLISE E DESENVOLVIMENTO DE SISTEMAS,CENTRO UNIVERSITÁRIO UNIC,Privada,Presencial,Tecnológico,Computação e Tecnologias da Informação e Comunicação (TIC),2,4,84,66,78.57,,,,,,,,,,false,true
60582,FONOAUDIOLOGIA,CENTRO UNIVERSITÁRIO DE VÁRZEA GRANDE,Privada,Presencial,Bacharelado,Saúde e bem-estar,2,4,69,37,53.62,2023,4,3.221,2.731,2.162,3.95,3.824,4.657,4.597,true,true
60584,EDUCAÇÃO FÍSICA,CENTRO UNIVERSITÁRIO DE VÁRZEA GRANDE,Privada,Presencial,Licenciatura,Educação,2,4,84,50,59.52,2021,5,4.524,3.593,5,4,5,5,4.692,true,true
62906,ZOOTECNIA,Universidade Federal de Rondonópolis,Pública,Presencial,Bacharelado,"Agricultura, silvicultura, pesca e veterinária",2,4,119,22,18.49,2023,4,3.005,2.181,2.929,3.612,5,1.935,2.17,true,true
62936,JORNALISMO,UNIVERSIDADE FEDERAL DE MATO GROSSO,Pública,Presencial,Bacharelado,"Ciências sociais, comunicação e informação",2,4,67,,13.43,2022,4,3.361264552,3.42,2.640138289,4.591836735,5,1.567396213,2.661702576,true,true
62940,COMUNICAÇÃO SOCIAL - PUBLICIDADE E PROPAGANDA,UNIVERSIDADE FEDERAL DE MATO GROSSO,Pública,Presencial,Bacharelado,"Negócios, administração e direito",2,4,65,,7.69,2022,4,3.230979034,2.795,2.300680087,4.827586205,5,1.329215974,2.968749999,true,true
63140,ADMINISTRAÇÃO,FACULDADE CATÓLICA DE CUIABÁ,Privada,Presencial,Bacharelado,"Negócios, administração e direito",2,4,73,24,32.88,2022,2,1.848841077,1.489,1.194684289,1.11111111,2.22222222,3.649573363,4.152325662,true,true
63516,PSICOLOGIA,CENTRO UNIVERSITÁRIO DE VÁRZEA GRANDE,Privada,Presencial,Bacharelado,"Ciências sociais, comunicação e informação",2,4,449,248,55.23,2022,4,3.656494809,2.315,3.827321681,3.57142857,5,4.125662965,3.889734208,true,true
64734,ANÁLISE E DESENVOLVIMENTO DE SISTEMAS,CENTRO UNIVERSITÁRIO DE VÁRZEA GRANDE,Privada,Presencial,Tecnológico,Computação e Tecnologias da Informação e Comunicação (TIC),2,4,61,47,77.05,2021,4,3.343,2.056,2.578,4.166,5,4.242,4.584,true,true
65471,DIREITO,CENTRO UNIVERSITÁRIO CATHEDRAL,Privada,Presencial,Bacharelado,"Negócios, administração e direito",2,4,439,72,16.40,2022,4,3.423634923,2.795,4.318042086,2,5,2.272447053,1.960854293,true,true
65473,SISTEMAS PARA INTERNET,"INSTITUTO FEDERAL DE EDUCAÇÃO, CIÊNCIA E TECNOLOGIA DE MATO GROSSO",Pública,Presencial,Tecnológico,Computação e Tecnologias da Informação e Comunicação (TIC),2,4,59,12,20.34,,,,,,,,,,false,true
66080,DIREITO,UNIVERSIDADE DE CUIABÁ,Privada,Presencial,Bacharelado,"Negócios, administração e direito",2,4,882,483,54.76,2022,3,2.39081586,1.778,0,3.58974359,4.87179487,2.614430049,1.239316242,true,true
66381,DIREITO,FACULDADE ANHANGUERA DE CIÊNCIAS SOCIAIS APLICADAS DE SINOP,Privada,Presencial,Bacharelado,"Negócios, administração e direito",2,4,227,142,62.56,2022,4,3.50730562,3.233,3.497487767,3.82352941,4.705882355,2.418562199,2.972709553,true,true
66893,PEDAGOGIA,FACULDADE DE EDUCAÇÃO DE TANGARÁ DA SERRA,Privada,Presencial,Licenciatura,Educação,2,4,245,15,6.12,2021,3,2.307,1.526,2.481,0,5,4.568,4.035,true,true
68063,ZOOTECNIA,Universidade do Estado de Mato Grosso Carlos Alberto Reyes Maldonado - UNEMAT,Pública,Presencial,Bacharelado,"Agricultura, silvicultura, pesca e veterinária",2,4,100,47,47.00,2023,3,2.78,1.203,1.88,3.982,5,3.608,3.516,true,true
68114,CIÊNCIAS CONTÁBEIS,Universidade do Estado de Mato Grosso Carlos Alberto Reyes Maldonado - UNEMAT,Pública,Presencial,Bacharelado,"Negócios, administração e direito",2,4,158,74,46.84,2022,3,2.698892182,1.927,2.164452874,2.32142857,5,3.369529232,3.243902439,true,true
68918,DIREITO,FACULDADE ANHANGUERA DE PRIMAVERA DO LESTE,Privada,Presencial,Bacharelado,"Negócios, administração e direito",2,4,412,219,53.16,2022,3,2.048501588,1.626,1.840367601,2.54901961,4.019607845,1.399035635,1.445230282,true,true
68944,ADMINISTRAÇÃO,FACULDADE DE CIÊNCIAS SOCIAIS E HUMANAS SOBRAL PINTO,Privada,Presencial,Bacharelado,"Negócios, administração e direito",1,4,104,46,44.23,,,,,,,,,,false,true
68947,CIÊNCIAS CONTÁBEIS,FACULDADE ANHANGUERA DE RONDONÓPOLIS,Privada,Presencial,Bacharelado,"Negócios, administração e direito",2,4,107,49,45.79,,,,,,,,,,false,true
69038,GESTÃO DO AGRONEGÓCIO,FACULDADE ANHANGUERA DE TANGARÁ DA SERRA,Privada,Presencial,Tecnológico,"Agricultura, silvicultura, pesca e veterinária",2,4,69,34,49.28,,,,,,,,,,false,true
7,SERVIÇO SOCIAL,UNIVERSIDADE FEDERAL DE MATO GROSSO,Pública,Presencial,Bacharelado,Saúde e bem-estar,2,4,152,42,27.63,2022,4,3.583989869,3.421,3.256078233,4.3902439,5,1.369233362,2.95553174,true,true
70338,ENFERMAGEM,CENTRO UNIVERSITÁRIO DE VÁRZEA GRANDE,Privada,Presencial,Bacharelado,Saúde e bem-estar,2,4,334,189,56.59,2023,4,3.774,3.25,3.271,3.333,4.722,5,5,true,true
71115,EDUCAÇÃO FÍSICA,Universidade do Estado de Mato Grosso Carlos Alberto Reyes Maldonado - UNEMAT,Pública,Presencial,Licenciatura,Educação,2,4,124,51,41.13,2021,3,2.496,1.87,2.408,1.304,5,3.698,3.771,true,true
71466,JORNALISMO,UNIVERSIDADE DE CUIABÁ,Privada,Presencial,Bacharelado,"Ciências sociais, comunicação e informação",2,4,115,64,55.65,2022,3,1.984425787,0.881,0.872064957,4.26470588,3.941176472,1.516190408,1.66864702,true,true
71469,GESTÃO COMERCIAL,UNIVERSIDADE DE CUIABÁ,Privada,Presencial,Tecnológico,"Negócios, administração e direito",1,4,51,22,43.14,,,,,,,,,,false,true
71593,DESIGN DE MODA,UNIVERSIDADE DE CUIABÁ,Privada,Presencial,Tecnológico,Artes e humanidades,1,4,47,18,38.30,,,,,,,,,,false,true
71937,ANÁLISE E DESENVOLVIMENTO DE SISTEMAS,FACULDADE ANHANGUERA DE PRIMAVERA DO LESTE,Privada,Presencial,Tecnológico,Computação e Tecnologias da Informação e Comunicação (TIC),1,4,34,22,64.71,,,,,,,,,,false,true
71939,MARKETING,CENTRO UNIVERSITÁRIO CATHEDRAL,Privada,Presencial,Tecnológico,"Negócios, administração e direito",2,4,51,30,58.82,2022,3,2.794777833,2.864,2.985062185,1.875,5,1.020408163,1.649568034,true,true
72347,GESTÃO DE RECURSOS HUMANOS,INSTITUTO CUIABÁ DE ENSINO E CULTURA,Privada,Presencial,Tecnológico,"Negócios, administração e direito",1,4,28,21,75.00,2022,SC,,0,0,5,5,0.54054054,0.555555557,true,false
72349,REDES DE COMPUTADORES,INSTITUTO CUIABÁ DE ENSINO E CULTURA,Privada,Presencial,Tecnológico,Computação e Tecnologias da Informação e Comunicação (TIC),1,4,46,38,82.61,,,,,,,,,,false,true
72431,MARKETING,INSTITUTO CUIABÁ DE ENSINO E CULTURA,Privada,Presencial,Tecnológico,"Negócios, administração e direito",1,4,42,31,73.81,,,,,,,,,,false,true
72579,REDES DE COMPUTADORES,"FACULDADE ANHANGUERA DE CIÊNCIAS JURÍDICAS, GERENCIAIS E EDUCAÇÃO DE SINOP",Privada,Presencial,Tecnológico,Computação e Tecnologias da Informação e Comunicação (TIC),2,4,64,34,53.13,2021,SC,,,,4.545,4.772,3.461,3.539,true,true
72699,AGRONEGÓCIO,FACULDADE ANHANGUERA DE PRIMAVERA DO LESTE,Privada,Presencial,Tecnológico,"Agricultura, silvicultura, pesca e veterinária",2,4,59,38,64.41,,,,,,,,,,false,true
72818,RADIOLOGIA,UNIVERSIDADE DE CUIABÁ,Privada,Presencial,Tecnológico,Saúde e bem-estar,2,4,153,91,59.48,2023,3,2.428,0.879,,4.242,4.798,4.187,4.455,true,true
73072,GESTÃO DE RECURSOS HUMANOS,UNIVERSIDADE DE CUIABÁ,Privada,Presencial,Tecnológico,"Negócios, administração e direito",1,4,92,25,27.17,,,,,,,,,,false,true
73084,EDUCAÇÃO FÍSICA,UNIVERSIDADE DE CUIABÁ,Privada,Presencial,Licenciatura,Educação,2,4,88,51,57.95,2021,4,2.989,1.566,1.815,4.2,5,4.856,4.849,true,true
73090,DESIGN DE INTERIORES,UNIVERSIDADE DE CUIABÁ,Privada,Presencial,Tecnológico,Artes e humanidades,2,4,103,48,46.60,2022,SC,,0,0,0,5,5,3.857142858,true,true
74348,GESTÃO COMERCIAL,CENTRO UNIVERSITÁRIO UNIC,Privada,Presencial,Tecnológico,"Negócios, administração e direito",2,4,127,72,56.69,2022,SC,,0,0,5,5,0,0,true,true
75096,NUTRIÇÃO,UNIVERSIDADE DE CUIABÁ,Privada,Presencial,Bacharelado,Saúde e bem-estar,2,4,275,146,53.09,2023,4,3.622,2.965,3.604,3.1,5,4.035,4.081,true,true
75099,AGRONOMIA,UNIVERSIDADE DE CUIABÁ,Privada,Presencial,Bacharelado,"Agricultura, silvicultura, pesca e veterinária",2,4,492,273,55.49,2023,3,2.699,1.579,2.143,4.085,4.808,2.708,2.172,true,true
78275,COMUNICAÇÃO SOCIAL - JORNALISMO,Centro Universitário FASIPE,Privada,Presencial,Bacharelado,"Ciências sociais, comunicação e informação",2,4,27,11,40.74,2022,3,2.803748094,3.288,3.786238267,0.555555555,2.666666665,2.355447061,3.125792141,true,false
79552,AGRONOMIA,FACULDADE ANHANGUERA DE PRIMAVERA DO LESTE,Privada,Presencial,Bacharelado,"Agricultura, silvicultura, pesca e veterinária",2,4,213,113,53.05,2023,3,2.162,1.867,1.752,2.93,3.036,2.579,2.887,true,true
79554,ENGENHARIA DE PRODUÇÃO,FACULDADE ANHANGUERA DE PRIMAVERA DO LESTE,Privada,Presencial,Bacharelado,"Engenharia, produção e construção",2,4,43,23,53.49,,,,,,,,,,false,true
79932,FISIOTERAPIA,FACULDADE ANHANGUERA DE PRIMAVERA DO LESTE,Privada,Presencial,Bacharelado,Saúde e bem-estar,2,4,137,60,43.80,2023,4,2.986,2.218,2.123,3.611,4.806,4.29,4.545,true,true
8,CIÊNCIAS CONTÁBEIS,UNIVERSIDADE FEDERAL DE MATO GROSSO,Pública,Presencial,Bacharelado,"Negócios, administração e direito",2,4,159,15,9.43,2022,4,3.197567324,3.37,2.550972792,3.529411765,5,2.557951858,2.144984758,true,true
80204,GESTÃO DO AGRONEGÓCIO,CENTRO UNIVERSITÁRIO CATHEDRAL,Privada,Presencial,Tecnológico,"Negócios, administração e direito",2,4,108,38,35.19,,,,,,,,,,false,true
80232,EDUCAÇÃO FÍSICA,FACULDADE CATÓLICA RAINHA DA PAZ DE ARAPUTANGA,Privada,Presencial,Licenciatura,Educação,2,4,40,,15.00,2021,2,1.831,0.783,1.567,0.625,5,3.629,3.297,true,true
80291,DIREITO,CENTRO UNIVERSITÁRIO LA SALLE,Privada,Presencial,Bacharelado,"Negócios, administração e direito",2,4,188,85,45.21,2022,3,2.801451674,2.206,2.44488334,1.923076925,5,3.87902615,3.32805055,true,true
80358,ARQUITETURA E URBANISMO,FACULDADE ANHANGUERA DE PRIMAVERA DO LESTE,Privada,Presencial,Bacharelado,"Engenharia, produção e construção",2,4,133,60,45.11,2023,3,2.473,1.642,1.679,3.939,4.318,2.313,3.774,true,true
80360,EDUCAÇÃO FÍSICA,FACULDADE ANHANGUERA DE PRIMAVERA DO LESTE,Privada,Presencial,Bacharelado,Saúde e bem-estar,2,4,69,44,63.77,2021,3,2.824,2.145,1.996,4.2,4.542,2.854,3.085,true,true
80362,FARMÁCIA,FACULDADE ANHANGUERA DE PRIMAVERA DO LESTE,Privada,Presencial,Bacharelado,Saúde e bem-estar,2,4,81,40,49.38,2023,4,3.152,1.807,2.922,3.611,4.63,4.158,4.167,true,true
80364,CIÊNCIAS BIOLÓGICAS,FACULDADE ANHANGUERA DE PRIMAVERA DO LESTE,Privada,Presencial,Bacharelado,"Ciências naturais, matemática e estatística",1,4,26,18,69.23,,,,,,,,,,false,false
80389,SISTEMAS DE INFORMAÇÃO,FACULDADES INTEGRADAS DE RONDONÓPOLIS,Privada,Presencial,Bacharelado,Computação e Tecnologias da Informação e Comunicação (TIC),1,4,52,31,59.62,,,,,,,,,,false,true
80922,PEDAGOGIA,Universidade do Estado de Mato Grosso Carlos Alberto Reyes Maldonado - UNEMAT,Pública,Presencial,Licenciatura,Educação,2,4,122,50,40.98,2021,2,1.815,1.006,1.593,1.071,5,2.528,2.382,true,true
81399,DIREITO,FACULDADE DE COLIDER,Privada,Presencial,Bacharelado,"Negócios, administração e direito",2,4,147,16,10.88,2022,2,1.453475778,1.344,1.896178145,0,5,1.033164181,0.597943606,true,true
82583,AUTOMAÇÃO INDUSTRIAL,"INSTITUTO FEDERAL DE EDUCAÇÃO, CIÊNCIA E TECNOLOGIA DE MATO GROSSO",Pública,Presencial,Tecnológico,"Engenharia, produção e construção",1,4,58,34,58.62,,,,,,,,,,false,true
83372,FARMÁCIA,FACULDADE ANHANGUERA DE TANGARÁ DA SERRA,Privada,Presencial,Bacharelado,Saúde e bem-estar,2,4,80,27,33.75,2023,3,2.55,1.645,2.849,3.971,4.608,0,0.563,true,true
83374,FISIOTERAPIA,FACULDADE ANHANGUERA DE TANGARÁ DA SERRA,Privada,Presencial,Bacharelado,Saúde e bem-estar,2,4,177,68,38.42,2023,3,2.655,1.701,1.817,4.118,5,2.843,2.422,true,true
83376,ENGENHARIA DE PRODUÇÃO,FACULDADE ANHANGUERA DE TANGARÁ DA SERRA,Privada,Presencial,Bacharelado,"Engenharia, produção e construção",2,4,88,35,39.77,2023,3,2.601,1.214,2.147,4.643,4.77,1.082,1.833,true,true
83884,CIÊNCIAS CONTÁBEIS,AJES - FACULDADE DO VALE DO JURUENA,Privada,Presencial,Bacharelado,"Negócios, administração e direito",2,4,27,14,51.85,2022,SC,,0,0,0.833333335,2.5,2.329448896,3.118936695,true,false
84854,PSICOLOGIA,Universidade Federal de Rondonópolis,Pública,Presencial,Bacharelado,"Ciências sociais, comunicação e informação",2,4,71,,11.27,2022,4,3.341608696,3.601,3.068149793,3.04347826,5,2.314660109,2.149770492,true,true
85066,GESTÃO DE RECURSOS HUMANOS,CENTRO UNIVERSITÁRIO DE VÁRZEA GRANDE,Privada,Presencial,Tecnológico,"Negócios, administração e direito",2,4,78,51,65.38,2022,SC,,0,0,3.333333335,4.166666665,5,5,true,true
87356,SEGURANÇA NO TRABALHO,UNIVERSIDADE DE CUIABÁ,Privada,Presencial,Tecnológico,Serviços,1,4,29,,31.03,,,,,,,,,,false,false
87358,GASTRONOMIA,UNIVERSIDADE DE CUIABÁ,Privada,Presencial,Tecnológico,Serviços,2,4,407,174,42.75,2022,2,1.8755204,0.442,0,4.193548385,4.596774194,2.570370371,2.409069325,true,true
87991,ANÁLISE E DESENVOLVIMENTO DE SISTEMAS,FACULDADE ANHANGUERA DE TANGARÁ DA SERRA,Privada,Presencial,Tecnológico,Computação e Tecnologias da Informação e Comunicação (TIC),1,4,32,12,37.50,,,,,,,,,,false,true
88161,GESTÃO COMERCIAL,CENTRO UNIVERSITÁRIO DE VÁRZEA GRANDE,Privada,Presencial,Tecnológico,"Negócios, administração e direito",2,4,63,41,65.08,,,,,,,,,,false,true
88486,ENGENHARIA DE PRODUÇÃO,FACULDADE ANHANGUERA DE CIÊNCIAS SOCIAIS APLICADAS DE SINOP,Privada,Presencial,Bacharelado,"Engenharia, produção e construção",2,4,79,44,55.70,2023,3,2.852,2.221,2.331,4.815,5,0.841,1.039,true,true
88488,FARMÁCIA,FACULDADE ANHANGUERA DE CIÊNCIAS SOCIAIS APLICADAS DE SINOP,Privada,Presencial,Bacharelado,Saúde e bem-estar,2,4,72,37,51.39,2023,3,2.696,1.233,2.653,4.194,4.57,1.373,1.679,true,true
89426,GESTÃO FINANCEIRA,CENTRO UNIVERSITÁRIO UNIC,Privada,Presencial,Tecnológico,"Negócios, administração e direito",1,4,34,12,35.29,,,,,,,,,,false,true
89778,ARQUITETURA E URBANISMO,FACULDADE ANHANGUERA DE CIÊNCIAS SOCIAIS APLICADAS DE SINOP,Privada,Presencial,Bacharelado,"Engenharia, produção e construção",2,4,259,93,35.91,2023,3,2.491,1.331,2.715,3.75,3.542,1.979,1.318,true,true
89780,FISIOTERAPIA,FACULDADE ANHANGUERA DE CIÊNCIAS SOCIAIS APLICADAS DE SINOP,Privada,Presencial,Bacharelado,Saúde e bem-estar,2,4,126,61,48.41,2023,4,3.018,1.598,3.014,3.824,4.382,3.462,3.279,true,true
89824,DIREITO,"FACULDADE ANHANGUERA DE CIÊNCIAS JURÍDICAS, GERENCIAIS E EDUCAÇÃO DE SINOP",Privada,Presencial,Bacharelado,"Negócios, administração e direito",2,4,466,241,51.72,2022,4,3.231515173,2.579,2.868107559,3.82352941,4.705882355,3.504226603,2.915083888,true,true
9,AGRONOMIA,UNIVERSIDADE FEDERAL DE MATO GROSSO,Pública,Presencial,Bacharelado,"Agricultura, silvicultura, pesca e veterinária",2,4,161,27,16.77,2023,4,3.482,3.827,3.316,4.449,5,1.466,0.954,true,true
90004,ENFERMAGEM,Universidade do Estado de Mato Grosso Carlos Alberto Reyes Maldonado - UNEMAT,Pública,Presencial,Bacharelado,Saúde e bem-estar,2,4,117,52,44.44,2023,3,2.697,2.04,3.101,0.8,5,2.733,3.201,true,true
90361,REDES DE COMPUTADORES,"INSTITUTO FEDERAL DE EDUCAÇÃO, CIÊNCIA E TECNOLOGIA DE MATO GROSSO",Pública,Presencial,Tecnológico,Computação e Tecnologias da Informação e Comunicação (TIC),2,4,58,18,31.03,2021,3,2.248,2.389,2.268,0.625,5,2.137,2.17,true,true
90599,SISTEMAS DE INFORMAÇÃO,FACULDADES INTEGRADAS DE DIAMANTINO,Privada,Presencial,Bacharelado,Computação e Tecnologias da Informação e Comunicação (TIC),2,4,25,,12.00,,,,,,,,,,false,false
91358,FARMÁCIA,FACULDADE UNIBRAS DO MATO GROSSO,Privada,Presencial,Bacharelado,Saúde e bem-estar,2,4,84,16,19.05,2023,3,2.266,0.699,1.122,4,5,1.97,3.22,true,true
91360,ENFERMAGEM,FACULDADE UNIBRAS DO MATO GROSSO,Privada,Presencial,Bacharelado,Saúde e bem-estar,2,4,55,10,18.18,2023,3,2.518,1.046,1.324,3.75,5,3.348,3.894,true,true
91369,DIREITO,FACULDADE CATÓLICA RAINHA DA PAZ DE ARAPUTANGA,Privada,Presencial,Bacharelado,"Negócios, administração e direito",2,4,152,15,9.87,2022,3,2.059390646,1.21,1.824026006,1.38888889,4.72222222,2.504236324,2.097908011,true,true
91391,DIREITO,Faculdade FASIPE,Privada,Presencial,Bacharelado,"Negócios, administração e direito",2,4,344,105,30.52,2022,3,2.669021693,2.31,2.89871201,0.68181818,2.613636365,4.668123883,4.652491997,true,true
92153,DIREITO,FACULDADES INTEGRADAS DE RONDONÓPOLIS,Privada,Presencial,Bacharelado,"Negócios, administração e direito",2,4,172,91,52.91,2022,3,2.554514352,1.406,1.849705729,3.333333335,4.583333335,3.075439383,2.969775796,true,true
92155,DIREITO,FACULDADE ANHANGUERA DE RONDONÓPOLIS,Privada,Presencial,Bacharelado,"Negócios, administração e direito",2,4,297,172,57.91,,,,,,,,,,false,true
92775,BIOMEDICINA,CENTRO UNIVERSITÁRIO UNIC,Privada,Presencial,Bacharelado,Saúde e bem-estar,1,4,74,31,41.89,,,,,,,,,,false,true
92777,ENFERMAGEM,CENTRO UNIVERSITÁRIO UNIC,Privada,Presencial,Bacharelado,Saúde e bem-estar,1,4,109,34,31.19,,,,,,,,,,false,true
92801,RADIOLOGIA,CENTRO UNIVERSITÁRIO UNIC,Privada,Presencial,Tecnológico,Saúde e bem-estar,1,4,65,16,24.62,,,,,,,,,,false,true
94331,MÚSICA,UNIVERSIDADE FEDERAL DE MATO GROSSO,Pública,Presencial,Licenciatura,Educação,2,4,27,,11.11,2021,3,2.755,1.398,2.423,4.705,5,2.2,0,true,false
95405,PSICOLOGIA,FACULDADE UNIBRAS DO MATO GROSSO,Privada,Presencial,Bacharelado,"Ciências sociais, comunicação e informação",2,4,72,,9.72,2022,2,1.119354978,0.967,1.641701846,0.294117645,0.808823528,1.797909503,1.686961567,true,true
95801,AGRONEGÓCIO,FACULDADE ANHANGUERA DE SORRISO,Privada,Presencial,Tecnológico,"Agricultura, silvicultura, pesca e veterinária",1,4,62,35,56.45,,,,,,,,,,false,true
95803,GESTÃO FINANCEIRA,FACULDADE ANHANGUERA DE SORRISO,Privada,Presencial,Tecnológico,"Negócios, administração e direito",1,4,50,14,28.00,,,,,,,,,,false,true
96004,DIREITO,FACULDADE CATÓLICA DE CUIABÁ,Privada,Presencial,Bacharelado,"Negócios, administração e direito",2,4,212,80,37.74,2022,2,1.282117477,0.808,0.590377743,0.27777778,2.77777778,2.54319473,3.185315199,true,true
96134,ADMINISTRAÇÃO,UNIVERSIDADE DE CUIABÁ,Privada,Presencial,Bacharelado,"Negócios, administração e direito",2,4,112,78,69.64,2022,4,3.6320745,3.747,3.258359441,3.970588235,4.852941175,3.570323275,2.783018869,true,true
96412,JORNALISMO,Universidade do Estado de Mato Grosso Carlos Alberto Reyes Maldonado - UNEMAT,Pública,Presencial,Bacharelado,"Ciências sociais, comunicação e informação",1,4,65,42,64.62,,,,,,,,,,false,true
96415,EDUCAÇÃO FÍSICA,Universidade do Estado de Mato Grosso Carlos Alberto Reyes Maldonado - UNEMAT,Pública,Presencial,Licenciatura,Educação,2,4,101,49,48.51,2021,3,2.638,2.232,2.664,1.551,5,1.93,2.96,true,true
96497,AGRONOMIA,Universidade do Estado de Mato Grosso Carlos Alberto Reyes Maldonado - UNEMAT,Pública,Presencial,Bacharelado,"Agricultura, silvicultura, pesca e veterinária",2,4,128,37,28.91,2023,3,2.803,2.2,2.485,3.445,5,1.672,1.231,true,true
96633,ENGENHARIA CIVIL,Universidade do Estado de Mato Grosso Carlos Alberto Reyes Maldonado - UNEMAT,Pública,Presencial,Bacharelado,"Engenharia, produção e construção",2,4,148,56,37.84,2023,3,2.824,2.764,2.478,2.308,5,2.005,2.183,true,true
98760,ENFERMAGEM,FACULDADE DE COLIDER,Privada,Presencial,Bacharelado,Saúde e bem-estar,2,4,36,14,38.89,2023,1,0.464,0,,0,0.556,2.862,1.588,true,true
98962,ADMINISTRAÇÃO,AJES - FACULDADE DO VALE DO JURUENA,Privada,Presencial,Bacharelado,"Negócios, administração e direito",1,4,28,12,42.86,,,,,,,,,,false,false
